id,name,district,total_docks,trips_per_dock,ebs_station,is_ut,lat,lon,transit_nearby,nearest_transit_stop_dist_m,avg_dist_3_nearest_transit_stops_m,jobs_nearby_275m,housing_nearby_275m,housing_nearby_1000m,job_housing_ratio_275m,low_income_access_score,amenities_nearby,avg_dist_3_nearest_amenities_m,park_area_nearby,nearest_park_dist_m,bike_infra_score,retail_nearby,avg_dist_3_nearest_retail_m,entertainment_nearby,avg_dist_3_nearest_entertainment_m,tourism_nearby,avg_dist_3_nearest_tourism_m,nearest_station_dist_m,stations_within_500m,stations_within_1000m,avg_stations_dist_3_nearest_m,nearest_dining_hall_dist_m,nearest_dorm_dist_m,nearest_dorm_pop,dorm_pop_within_500m,dist_to_west_campus_center_m,in_ut_shape,dist_to_ut_shape_m,ut_shape_area_within_275m,ut_shape_share_of_275m_buffer,ut_shape_touches_275m_buffer,ut_shape_area_within_500m,ut_shape_share_of_500m_buffer,ut_shape_touches_500m_buffer,ut_shape_area_within_1000m,ut_shape_share_of_1000m_buffer,ut_shape_touches_1000m_buffer,in_west_campus_shape,dist_to_west_campus_shape_m,west_campus_shape_area_within_275m,west_campus_shape_share_of_275m_buffer,west_campus_shape_touches_275m_buffer,west_campus_shape_area_within_500m,west_campus_shape_share_of_500m_buffer,west_campus_shape_touches_500m_buffer,west_campus_shape_area_within_1000m,west_campus_shape_share_of_1000m_buffer,west_campus_shape_touches_1000m_buffer,in_north_campus_shape,dist_to_north_campus_shape_m,north_campus_shape_area_within_275m,north_campus_shape_share_of_275m_buffer,north_campus_shape_touches_275m_buffer,north_campus_shape_area_within_500m,north_campus_shape_share_of_500m_buffer,north_campus_shape_touches_500m_buffer,north_campus_shape_area_within_1000m,north_campus_shape_share_of_1000m_buffer,north_campus_shape_touches_1000m_buffer,ut_x_dorm_pop_500m,ut_x_dining_dist,ut_x_transit,ut_x_housing_275m,ut_x_in_ut_shape,ut_x_in_west_campus_shape,ut_x_in_north_campus_shape,ut_x_ut_shape_share_275m,ut_x_west_campus_share_275m,ut_x_north_campus_share_275m,ut_x_students_500m,ut_x_grad_share_500m,demo_age_area_weighted_1000m,demo_age_area_weighted_275m,demo_age_area_weighted_500m,demo_age_max_1000m,demo_age_max_275m,demo_age_max_500m,demo_age_min_1000m,demo_age_min_275m,demo_age_min_500m,demo_age_range_1000m,demo_age_range_275m,demo_age_range_500m,demo_area_covered_1000m2,demo_area_covered_275m2,demo_area_covered_500m2,demo_coverage_share_of_1000m_buffer,demo_coverage_share_of_275m_buffer,demo_coverage_share_of_500m_buffer,demo_income_area_weighted_1000m,demo_income_area_weighted_275m,demo_income_area_weighted_500m,demo_income_max_1000m,demo_income_max_275m,demo_income_max_500m,demo_income_min_1000m,demo_income_min_275m,demo_income_min_500m,demo_income_per_student_500m,demo_income_range_1000m,demo_income_range_275m,demo_income_range_500m,demo_polygons_intersecting_1000m,demo_polygons_intersecting_275m,demo_polygons_intersecting_500m,grad_density_sqkm_1000m,grad_density_sqkm_275m,grad_density_sqkm_500m,grad_est_1000m,grad_est_275m,grad_est_500m,grad_share_students_1000m,grad_share_students_275m,grad_share_students_500m,grad_to_undergrad_ratio_500m,student_density_sqkm_1000m,student_density_sqkm_275m,student_density_sqkm_500m,student_to_housing_ratio_275m,student_to_jobs_ratio_275m,students_est_1000m,students_est_275m,students_est_500m,undergrad_density_sqkm_1000m,undergrad_density_sqkm_275m,undergrad_density_sqkm_500m,undergrad_est_1000m,undergrad_est_275m,undergrad_est_500m,undergrad_share_students_1000m,undergrad_share_students_275m,undergrad_share_students_500m,ut_x_grad_share_500m,ut_x_students_500m
15,w_28th_rio_grande,9,7,3299.714285714286,0,1,30.29333,-97.74412,3,222.84,232.12,731.0,811.0,7691,0.9013563501849569,2.0,8,153.39,10157.2,216.73,3.0,16,195.2,4,236.9,0,1040.08,315.57,1.0,7.0,530.53,521.29,423.19,588.0,588.0,626.31,0,328.15,0.0,0.0,0,32422.62,0.0413,1,405906.29,0.1294,1,1,0.0,223691.9,0.943,1,548817.79,0.6999,1,1416694.93,0.4517,1,0,202.39,18268.83,0.077,1,146351.94,0.1866,1,690271.25,0.2201,1,588.0,521.29,3,811.0,0,1,0,0.0,0.943,0.077,4459.5573,0.1451,26.8133,21.9826,23.5289,46.5,28.1,46.5,19.4,20.6,19.4,27.1,7.5,27.1,3136548.4905,237201.4796,784137.1226,1.0,1.0,1.0,65697.2242,15451.1899,32975.1429,250001.0,66397.0,250001.0,2499.0,5287.0,2499.0,7.394263753489611,247502.0,61110.0,247502.0,23,6,13,491.3048,1236.3645,824.9464,1541.0012,293.2675,646.8711,0.0969,0.1832,0.1451,0.1696628219757503,5072.805,6749.5418,5687.2162,1.9741076448828605,2.1901522571819423,15911.0988,1601.0013,4459.5573,4581.5002,5513.1773,4862.2698,14370.0976,1307.7338,3812.6862,0.9031,0.8168,0.8549,0.1451,4459.5573
10,w_22_5_rio_grande,9,5,2588.4,0,1,30.2862,-97.74516,1,176.83,263.41,893.0,1654.0,6712,0.5399032648125756,2.0,23,100.56,0.0,644.4,3.0,10,43.85,6,48.33,0,544.28,178.58,4.0,11.0,264.87,704.37,469.42,980.0,980.0,340.06,0,227.25,2414.91,0.0102,1,98527.91,0.1257,1,707118.38,0.2254,1,1,0.0,237201.48,1.0,1,653618.54,0.8336,1,1262917.8,0.4026,1,0,736.94,0.0,0.0,0,0.0,0.0,0,108606.19,0.0346,1,980.0,704.37,1,1654.0,0,1,0,0.0102,1.0,0.0,8380.9574,0.0409,28.1901,20.8554,22.4974,46.5,21.7,44.4,19.4,19.9,19.4,27.1,1.8,25.0,3136548.4905,237201.4796,784137.1226,1.0,1.0,1.0,52118.1492,17812.6935,21122.2122,250001.0,39063.0,98706.0,2499.0,2499.0,2499.0,2.5202624463882852,247502.0,36564.0,96207.0,18,7,11,323.5006,606.312,436.8429,1014.6754,143.8181,342.5448,0.055,0.0369,0.0409,0.042613488140680916,5879.6262,16437.7138,10688.1273,2.3573458282950424,4.366237402015678,18441.7328,3899.05,8380.9574,5556.1256,15831.4018,10251.2843,17427.0575,3755.2319,8038.4126,0.945,0.9631,0.9591,0.0409,8380.9574
8,e_21st_speedway_pcl,9,17,2579.470588235294,0,1,30.283,-97.7375,2,210.05,269.92,48.0,0.0,3957,48.0,2.0,7,106.94,0.0,829.31,3.0,8,42.17,2,130.31,1,318.89,204.23,3.0,12.0,376.18,64.92,67.46,1200.0,5103.0,1138.77,1,0.0,234020.28,0.9866,1,623390.94,0.795,1,1725637.92,0.5502,1,0,202.48,12264.51,0.0517,1,78837.7,0.1005,1,482414.59,0.1538,1,0,724.58,0.0,0.0,0,0.0,0.0,0,136503.0,0.0435,1,5103.0,64.92,2,0.0,1,0,0,0.9866,0.0517,0.0,5367.4799,0.0174,29.2141,19.5372,24.317,44.4,44.4,44.4,19.4,19.4,19.4,25.0,25.0,25.0,3136548.4905,237201.4796,784137.1226,1.0,1.0,1.0,54886.1828,11108.5001,31396.2375,125774.0,98706.0,98706.0,2499.0,10625.0,10625.0,5.849344214591283,123275.0,88081.0,88081.0,16,2,5,177.603,97.1281,119.3924,557.0603,23.0389,93.62,0.0368,0.0108,0.0174,0.017751704022323383,4824.3686,8991.52,6845.0782,0.0,44.433370833333335,15131.8659,2132.8018,5367.4799,4646.7656,8894.3919,6725.6858,14574.8056,2109.7629,5273.8599,0.9632,0.9892,0.9826,0.0174,5367.4799
14,w_26th_nueces,9,13,2532.3076923076924,0,1,30.29068,-97.74292,5,108.59,130.43,1067.0,1053.0,8586,1.01329534662868,2.0,11,66.27,0.0,386.09,3.0,17,105.85,10,116.9,0,811.25,260.38,2.0,11.0,372.4,302.53,137.66,588.0,2172.0,502.43,0,152.2,45751.53,0.1929,1,173939.02,0.2218,1,717473.46,0.2287,1,1,0.0,193813.11,0.8171,1,511107.42,0.6518,1,1504203.97,0.4796,1,0,213.77,5724.64,0.0241,1,99921.68,0.1274,1,664777.96,0.2119,1,2172.0,302.53,5,1053.0,0,1,0,0.1929,0.8171,0.0241,7533.2863,0.0885,24.2463,21.4253,21.0233,46.5,22.1,46.5,19.4,19.4,19.4,27.1,2.7,27.1,3136548.4905,237201.4796,784137.1226,1.0,1.0,1.0,43385.31,6231.8201,13292.4115,250001.0,31146.0,250001.0,2499.0,2499.0,2499.0,1.7644904190087665,247502.0,28647.0,247502.0,24,6,13,504.7547,1622.856,850.4582,1583.1875,384.9439,666.8759,0.0795,0.1729,0.0885,0.09712147412569457,6346.8085,9387.2402,9607.1032,2.114593827160494,2.0868484536082477,19907.0726,2226.6673,7533.2863,5842.0538,7764.3842,8756.645,18323.8851,1841.7234,6866.4104,0.9205,0.8271,0.9115,0.0885,7533.2863
12,w_23rd_san_gabriel,9,11,2505.454545454545,0,1,30.2874,-97.7478,2,172.2,241.54,677.0,508.0,6543,1.3326771653543308,2.0,14,142.06,0.0,371.86,3.0,4,71.5,2,149.74,1,635.58,255.67,2.0,9.0,378.67,844.95,672.26,588.0,0.0,125.28,0,381.27,0.0,0.0,0,8934.12,0.0114,1,398209.75,0.127,1,1,0.0,237201.48,1.0,1,760898.51,0.9704,1,1322173.94,0.4215,1,0,807.45,0.0,0.0,0,0.0,0.0,0,58709.22,0.0187,1,0.0,844.95,2,508.0,0,1,0,0.0,1.0,0.0,6329.5521,0.0424,30.2815,21.2279,21.8441,46.5,21.3,44.4,19.4,21.0,19.9,27.1,0.3,24.5,3136548.4905,237201.4796,784137.1226,1.0,1.0,1.0,77858.9395,12061.0058,17797.9945,250001.0,39063.0,98706.0,2499.0,2499.0,2499.0,2.8118884589005915,247502.0,36564.0,96207.0,20,5,12,303.8117,445.5885,342.2113,952.9201,105.6942,268.3406,0.061,0.0635,0.0424,0.04427177636022105,4981.7419,7021.0051,8071.9965,3.278332283464567,2.459959822747415,15625.4749,1665.3928,6329.5521,4677.9302,6575.4166,7729.7852,14672.5548,1559.6986,6061.2115,0.939,0.9365,0.9576,0.0424,6329.5521
7,w_21st_guadalupe,9,11,1966.0,0,1,30.28395,-97.74198,7,63.48,83.81,1811.0,654.0,5707,2.7691131498470947,2.0,19,56.03,0.0,868.53,3.0,31,51.18,16,60.18,1,374.99,190.83,5.0,11.0,275.16,506.43,74.83,980.0,2180.0,732.27,0,13.58,107163.7,0.4518,1,316485.74,0.4036,1,1141156.14,0.3638,1,1,0.0,164601.82,0.6939,1,349439.57,0.4456,1,983001.28,0.3134,1,0,790.96,0.0,0.0,0,0.0,0.0,0,80489.1,0.0257,1,2180.0,506.43,7,654.0,0,1,0,0.4518,0.6939,0.0,8152.2568,0.0268,28.8518,20.6143,25.2172,45.9,44.4,44.4,19.4,19.4,19.4,26.5,25.0,25.0,3136548.4905,237201.4796,784137.1226,1.0,1.0,1.0,45821.3764,19277.6854,33962.9892,139474.0,98706.0,98706.0,2499.0,10625.0,4823.0,4.16608431667658,136975.0,88081.0,93883.0,17,4,7,291.3546,438.0251,278.9384,913.848,103.9002,218.726,0.0505,0.0317,0.0268,0.027569817968060323,5765.7702,13802.6052,10396.4684,5.00611376146789,1.8078400883489785,18084.6178,3273.9984,8152.2568,5474.4155,13364.5801,10117.53,17170.7698,3170.0982,7933.5308,0.9495,0.9683,0.9732,0.0268,8152.2568
43,dean_keeton_speedway,9,23,1449.6521739130435,0,1,30.28953,-97.73695,11,17.71,87.41,7.0,0.0,6032,7.0,2.0,1,291.78,0.0,367.66,3.0,2,254.72,1,277.56,0,639.65,334.14,2.0,11.0,419.63,293.21,252.89,270.0,2172.0,1021.15,1,0.0,219203.23,0.9241,1,528513.18,0.674,1,1306492.8,0.4165,1,0,435.46,0.0,0.0,0,21224.79,0.0271,1,729736.33,0.2327,1,0,12.0,60642.31,0.2557,1,278049.52,0.3546,1,1182273.34,0.3769,1,2172.0,293.21,11,0.0,1,0,0,0.9241,0.0,0.2557,5402.2301,0.061,23.0777,19.8152,21.263,44.4,29.9,29.9,19.4,19.4,19.4,25.0,10.5,10.5,3136548.4905,237201.4796,784137.1226,1.0,1.0,1.0,38295.5643,14929.2027,28589.6954,116593.0,116593.0,116593.0,2499.0,10625.0,4823.0,5.292202455426695,114094.0,105968.0,111770.0,20,4,8,549.4449,118.3926,420.0425,1723.3606,28.0829,329.3709,0.0913,0.0137,0.061,0.06492805999677775,6016.9653,8645.1157,6889.3946,0.0,292.9477428571428,18872.5036,2050.6342,5402.2301,5467.5204,8526.7231,6469.3521,17149.143,2022.5513,5072.8591,0.9087,0.9863,0.939,0.061,5402.2301
9,w_21st_university,9,19,1332.3157894736842,0,1,30.28354,-97.73953,4,7.24,99.92,510.0,0.0,5011,510.0,2.0,8,156.06,0.0,898.94,3.0,11,177.77,5,182.51,1,300.07,204.23,3.0,12.0,254.93,266.47,179.93,980.0,4203.0,943.34,1,0.0,220299.38,0.9287,1,495319.35,0.6317,1,1518735.06,0.4842,1,0,1.72,63454.48,0.2675,1,189664.47,0.2419,1,707451.07,0.2256,1,0,711.08,0.0,0.0,0,0.0,0.0,0,131481.29,0.0419,1,4203.0,266.47,4,0.0,1,0,0,0.9287,0.2675,0.0,7411.4227,0.0217,28.9015,19.5828,24.1028,44.4,44.4,44.4,19.4,19.4,19.4,25.0,25.0,25.0,3136548.4905,237201.4796,784137.1226,1.0,1.0,1.0,49608.2624,11647.0475,28645.9469,116593.0,98706.0,98706.0,2499.0,10625.0,10625.0,3.8651076938304976,114094.0,88081.0,88081.0,16,4,4,258.8584,128.6008,205.2042,811.922,30.5043,160.9082,0.0478,0.0139,0.0217,0.022192659875277264,5413.1253,9231.0031,9451.6921,0.0,4.2933482352941175,16978.5298,2189.6076,7411.4227,5154.2668,9102.4023,9246.4879,16166.6078,2159.1033,7250.5144,0.9522,0.9861,0.9783,0.0217,7411.4227
55,guadalupe_west_mall_university_co_op,9,15,1244.9333333333334,0,1,30.285664,-97.741792,6,19.32,48.97,828.0,1444.0,7185,0.5734072022160664,2.0,14,127.85,0.0,849.83,3.0,26,27.46,9,59.94,1,483.97,190.83,5.0,13.0,280.25,560.48,242.79,980.0,2564.0,632.64,0,10.54,112810.36,0.4756,1,387529.57,0.4942,1,1113642.61,0.3551,1,1,0.0,128010.38,0.5397,1,427619.3,0.5453,1,1135905.6,0.3622,1,0,640.25,0.0,0.0,0,0.0,0.0,0,257499.79,0.0821,1,2564.0,560.48,6,1444.0,0,1,0,0.4756,0.5397,0.0,9370.6684,0.0279,26.4772,19.8519,21.0162,46.5,21.7,44.4,19.4,19.4,19.4,27.1,2.3,25.0,3136548.4905,237201.4796,784137.1226,1.0,1.0,1.0,38933.9113,15610.6112,17288.7208,250001.0,22132.0,98706.0,2499.0,4823.0,2499.0,1.8449826695393468,247502.0,17309.0,96207.0,21,4,8,358.5602,349.2811,333.8603,1124.6414,82.85,261.7922,0.0568,0.0203,0.0279,0.028740340109134423,6313.5998,17212.4439,11950.2931,2.827435734072022,4.9309386473429955,19802.9121,4082.8172,9370.6684,5955.0397,16863.1629,11616.4328,18678.2707,3999.9672,9108.8762,0.9432,0.9797,0.9721,0.0279,9370.6684
44,dean_keeton_whitis,9,19,1218.5263157894738,0,1,30.2898,-97.74041,6,83.85,96.27,552.0,440.0,7350,1.2545454545454546,2.0,3,210.28,0.0,459.06,3.0,18,116.74,9,116.74,0,745.22,260.38,3.0,12.0,357.27,99.47,31.81,900.0,2172.0,697.0,1,0.0,159303.73,0.6716,1,382345.61,0.4876,1,1007798.69,0.3213,1,0,101.44,64148.14,0.2704,1,281382.75,0.3588,1,1244903.3,0.3969,1,0,224.33,9858.96,0.0416,1,158905.51,0.2027,1,848039.51,0.2704,1,2172.0,99.47,6,440.0,1,0,0,0.6716,0.2704,0.0416,8030.0391,0.0756,23.2952,20.1267,20.3524,46.5,21.9,22.9,19.4,19.4,19.4,27.1,2.5,3.5,3136548.4905,237201.4796,784137.1226,1.0,1.0,1.0,35024.3039,9563.659,12922.7365,250001.0,31146.0,38619.0,2499.0,4823.0,2499.0,1.6092993245823672,247502.0,26323.0,36120.0,23,5,9,528.0159,563.3699,774.4614,1656.1474,133.6322,607.2839,0.0801,0.0623,0.0756,0.08181381220816766,6590.3004,9046.8875,10240.6057,4.877125227272727,3.887563586956522,20670.7968,2145.9351,8030.0391,6062.2845,8483.5177,9466.1443,19014.6494,2012.3029,7422.7552,0.9199,0.9377,0.9244,0.0756,8030.0391
11,w_22nd_pearl,9,23,1062.1304347826087,0,1,30.2853,-97.7467,2,3.67,213.27,870.0,864.0,6875,1.0069444444444444,2.0,18,163.74,0.0,533.02,3.0,8,179.72,5,203.71,0,578.65,178.58,4.0,10.0,302.69,881.28,547.45,980.0,0.0,362.92,0,397.59,0.0,0.0,0,11220.7,0.0143,1,525054.03,0.1674,1,1,0.0,232699.71,0.981,1,626904.66,0.7995,1,1198526.34,0.3821,1,0,902.2,0.0,0.0,0,0.0,0.0,0,14083.94,0.0045,1,0.0,881.28,2,864.0,0,1,0,0.0,0.981,0.0,6900.9396,0.0429,30.7905,21.8477,25.6975,46.5,44.4,44.4,19.4,19.9,19.4,27.1,24.5,25.0,3136548.4905,237201.4796,784137.1226,1.0,1.0,1.0,64873.7439,23223.8987,33212.2908,250001.0,98706.0,98706.0,2499.0,8761.0,2499.0,4.812720111330927,247502.0,89945.0,96207.0,20,6,10,295.1184,431.5568,377.6456,925.6531,102.3659,296.1259,0.0577,0.0475,0.0429,0.04483486036858239,5117.9397,9080.8539,8800.6796,2.4930462962962965,2.475852873563219,16052.6662,2153.992,6900.9396,4822.8214,8649.2971,8423.0341,15127.0131,2051.6261,6604.8137,0.9423,0.9525,0.9571,0.0429,6900.9396
63,rainey_cummings,9,19,800.2631578947369,0,0,30.255906,-97.739949,0,431.83,458.98,670.0,0.0,4549,670.0,2.0,6,72.9,44031.24,0.0,3.0,7,82.21,5,106.6,0,832.55,572.74,0.0,8.0,627.44,3018.24,2894.94,130.0,0.0,3684.79,0,2235.26,0.0,0.0,0,0.0,0.0,0,0.0,0.0,0,0,2794.87,0.0,0.0,0,0.0,0.0,0,0.0,0.0,0,0,3700.02,0.0,0.0,0,0.0,0.0,0,0.0,0.0,0,0.0,0.0,0,0.0,0,0,0,0.0,0.0,0.0,0.0,0.0,39.769,43.6835,41.0747,50.0,46.2,46.5,30.9,34.5,33.3,19.1,11.7,13.2,3136548.4905,237201.4796,784137.1226,1.0,1.0,1.0,137994.5049,157503.5465,145255.9159,220134.0,166721.0,166721.0,80250.0,106250.0,106250.0,26579.30757548033,139884.0,60471.0,60471.0,17,3,6,19.5988,0.0,4.0747,61.4727,0.0,3.1951,0.5759,0.0,0.5846,1.4075950482400108,34.0319,0.0,6.9694,0.0,0.0,106.7425,0.0,5.465,14.433,0.0,2.8948,45.2698,0.0,2.2699,0.4241,0.0,0.4154,0.0,0.0
20,w_3rd_west,9,11,671.0,0,0,30.2678,-97.75189,5,177.57,204.89,4622.0,3818.0,8216,1.2105814562598218,1.0,11,135.86,27463.1,78.53,3.0,34,36.16,19,82.49,0,745.87,242.33,5.0,16.0,267.43,2222.88,2011.51,980.0,0.0,2332.78,0,1706.39,0.0,0.0,0,0.0,0.0,0,0.0,0.0,0,0,1754.06,0.0,0.0,0,0.0,0.0,0,0.0,0.0,0,0,2808.92,0.0,0.0,0,0.0,0.0,0,0.0,0.0,0,0.0,0.0,0,0.0,0,0,0,0.0,0.0,0.0,0.0,0.0,38.0602,39.1253,38.7227,55.6,42.2,55.6,31.5,37.0,31.6,24.1,5.2,24.0,3136548.4905,237201.4796,784137.1226,1.0,1.0,1.0,146244.0125,169594.21,161883.3288,220134.0,195117.0,220134.0,37564.0,155363.0,37564.0,890.2872189655656,182570.0,39754.0,182570.0,19,3,10,107.4556,308.0128,229.9629,337.0397,73.0611,180.3224,0.9348,1.0,0.9917,119.4029929810621,114.9457,308.0128,231.8889,0.019135961236249343,0.01580724794461272,360.5327,73.0611,181.8327,7.4901,0.0,1.926,23.493,0.0,1.5102,0.0652,0.0,0.0083,0.0,0.0
18,w_3rd_nueces,9,11,613.0909090909091,0,0,30.26697,-97.74929,6,15.69,136.2,10453.0,2065.0,6568,5.061985472154964,1.0,17,71.34,26528.68,86.84,3.0,50,39.11,29,55.07,0,578.93,266.51,5.0,17.0,336.0,2144.05,1983.06,980.0,0.0,2392.43,0,1562.26,0.0,0.0,0,0.0,0.0,0,0.0,0.0,0,0,1769.37,0.0,0.0,0,0.0,0.0,0,0.0,0.0,0,0,2771.1,0.0,0.0,0,0.0,0.0,0,0.0,0.0,0,0.0,0.0,0,0.0,0,0,0,0.0,0.0,0.0,0.0,0.0,38.8125,39.2061,37.6188,55.6,42.2,55.6,31.6,31.6,31.6,24.0,10.6,24.0,3136548.4905,237201.4796,784137.1226,1.0,1.0,1.0,146379.5396,176080.2489,166684.749,220134.0,220134.0,220134.0,37564.0,155363.0,120469.0,940.2232317870784,182570.0,64771.0,99665.0,16,4,7,89.8445,415.0575,223.1832,281.8016,98.4522,175.0062,0.8679,1.0,0.9872,76.8987608752966,103.5168,415.0575,226.0855,0.047676610169491526,0.009418559265282695,324.6856,98.4522,177.2821,13.6723,0.0,2.9024,42.8839,0.0,2.2758,0.1321,0.0,0.0128,0.0,0.0
66,riverside_south_lamar,9,19,582.3684210526316,0,0,30.26446,-97.75665,1,191.4,286.2,2521.0,0.0,7666,2521.0,1.0,14,107.34,92016.05,11.64,3.0,9,60.11,7,64.4,0,938.96,338.07,1.0,10.0,480.33,2804.15,2570.09,980.0,0.0,2806.04,0,2293.06,0.0,0.0,0,0.0,0.0,0,0.0,0.0,0,0,2174.61,0.0,0.0,0,0.0,0.0,0,0.0,0.0,0,0,3368.29,0.0,0.0,0,0.0,0.0,0,0.0,0.0,0,0.0,0.0,0,0.0,0,0,0,0.0,0.0,0.0,0.0,0.0,35.8163,35.5454,35.4039,55.6,38.0,38.0,31.5,32.1,31.5,24.1,5.9,6.5,3136548.4905,237201.4796,784137.1226,1.0,1.0,1.0,156489.9028,148752.204,151860.6292,220134.0,183017.0,204548.0,37564.0,124453.0,124453.0,2229.7327180279294,182570.0,58564.0,80095.0,15,4,7,97.1573,98.2506,83.8635,304.7387,23.3052,65.7605,0.8698,0.9914,0.9655,28.02373646978607,111.7047,99.1003,86.8561,0.0,0.009324355414518048,350.3673,23.5067,68.1071,14.5474,0.8497,2.9926,45.6286,0.2015,2.3466,0.1302,0.0086,0.0345,0.0,0.0
51,e_6th_medina,3,11,572.1818181818181,0,0,30.26455,-97.73165,3,157.47,184.4,3786.0,0.0,4804,3786.0,2.0,10,84.6,0.0,414.4,4.0,37,32.68,17,33.91,1,294.68,484.17,1.0,12.0,547.15,2104.7,1909.1,900.0,0.0,3061.18,0,1138.35,0.0,0.0,0,0.0,0.0,0,0.0,0.0,0,0,1999.55,0.0,0.0,0,0.0,0.0,0,0.0,0.0,0,0,2559.46,0.0,0.0,0,0.0,0.0,0,0.0,0.0,0,0.0,0.0,0,0.0,0,0,0,0.0,0.0,0.0,0.0,0.0,38.5379,33.9521,34.6141,50.0,35.5,50.0,27.7,27.7,27.7,22.3,7.8,22.3,3136548.4905,237201.4796,784137.1226,1.0,1.0,1.0,113040.1515,86167.4227,96645.3861,166721.0,110069.0,161995.0,68913.0,80250.0,80250.0,344.22494081292257,97808.0,29819.0,81745.0,14,2,4,66.227,83.2185,105.7778,207.7241,19.7396,82.9443,0.2942,0.3235,0.2954,0.4192960195735474,225.1127,257.2268,358.0526,0.0,0.016115847860538827,706.0769,61.0146,280.7623,158.8857,174.0083,252.2748,498.3528,41.275,197.818,0.7058,0.6765,0.7046,0.0,0.0
60,nash_hernandez_east_rbj_south,3,11,569.3636363636364,0,0,30.252,-97.7346,2,155.03,215.83,46.0,338.0,3601,0.13609467455621302,3.0,1,233.43,76263.65,1.63,4.0,1,325.11,0,608.12,0,1412.91,672.53,0.0,1.0,997.87,3442.71,3293.44,900.0,0.0,4231.47,0,2543.92,0.0,0.0,0,0.0,0.0,0,0.0,0.0,0,0,3267.25,0.0,0.0,0,0.0,0.0,0,0.0,0.0,0,0,3979.0,0.0,0.0,0,0.0,0.0,0,0.0,0.0,0,0.0,0.0,0,0.0,0,0,0,0.0,0.0,0.0,0.0,0.0,39.2422,37.4691,39.0672,46.5,46.5,46.5,30.9,34.4,30.9,15.6,12.1,15.6,3136548.4905,237201.4796,784137.1226,1.0,1.0,1.0,126356.2189,113713.0621,120157.7194,166721.0,166721.0,166721.0,80250.0,90532.0,90532.0,13360.952653115688,86471.0,76189.0,76189.0,15,4,7,18.0707,0.9121,4.098,56.6795,0.2163,3.2134,0.5969,0.35,0.3573,0.5559707948371916,30.2737,2.606,11.4689,0.001828698224852071,0.01343695652173913,94.955,0.6181,8.9932,12.2031,1.6939,7.371,38.2755,0.4018,5.7798,0.4031,0.65,0.6427,0.0,0.0
62,plaza_saltillo,3,15,502.8,0,0,30.26217,-97.72743,3,16.32,167.54,2578.0,1641.0,3570,1.570993296770262,2.0,7,90.94,3929.47,155.41,3.0,50,60.49,31,79.89,0,651.34,299.05,4.0,8.0,407.02,2479.26,2241.95,900.0,0.0,3499.09,0,1462.77,0.0,0.0,0,0.0,0.0,0,0.0,0.0,0,0,2417.27,0.0,0.0,0,0.0,0.0,0,0.0,0.0,0,0,2778.75,0.0,0.0,0,0.0,0.0,0,0.0,0.0,0,0.0,0.0,0,0.0,0,0,0,0.0,0.0,0.0,0.0,0.0,36.1708,35.2156,34.0984,50.0,35.5,43.5,27.7,27.7,27.7,22.3,7.8,15.8,3136548.4905,237201.4796,784137.1226,1.0,1.0,1.0,104688.5255,81337.1463,88418.6376,166721.0,110069.0,127788.0,68913.0,80250.0,68913.0,413.7068961725674,97808.0,29819.0,58875.0,16,2,6,132.2503,42.5157,87.0899,414.8094,10.0848,68.2904,0.4159,0.4099,0.3195,0.46956766884981005,318.0195,103.7281,272.5581,0.014993601462522852,0.009544026377036463,997.4837,24.6045,213.7229,185.7693,61.2124,185.4682,582.6743,14.5197,145.4325,0.5841,0.5901,0.6805,0.0,0.0
58,lakeshore_lady_bird_ln,3,11,474.3636363636364,0,0,30.24478312140979,-97.72319224423872,0,417.55,474.87,28.0,0.0,4749,28.0,2.0,2,252.51,30587.56,16.75,3.0,1,356.65,0,494.31,0,1448.45,620.89,0.0,1.0,1105.19,4434.17,4210.08,900.0,0.0,5380.1,0,3429.75,0.0,0.0,0,0.0,0.0,0,0.0,0.0,0,0,4335.26,0.0,0.0,0,0.0,0.0,0,0.0,0.0,0,0,4716.58,0.0,0.0,0,0.0,0.0,0,0.0,0.0,0,0.0,0.0,0,0.0,0,0,0,0.0,0.0,0.0,0.0,0.0,31.9215,30.5385,31.5309,43.3,37.7,37.7,22.0,29.9,29.9,21.3,7.8,7.8,3136548.4905,237201.4796,784137.1226,1.0,1.0,1.0,86574.8026,94928.5452,95680.5983,126273.0,126273.0,126273.0,29914.0,83694.0,83694.0,1763.3076241200104,96359.0,42579.0,42579.0,12,3,4,53.7105,44.537,44.3547,168.4657,10.5642,34.7801,0.3072,0.6399,0.641,1.7852519518116816,174.837,69.5975,69.1996,0.0,0.5895928571428571,548.3848,16.5086,54.262,121.1265,25.0605,24.845,379.9191,5.9444,19.4819,0.6928,0.3601,0.359,0.0,0.0
92,w_7th_congress_w_6th_congress,9,17,466.4117647058824,1,0,30.26822,-97.74285,5,130.16,166.77,33231.0,0.0,4559,33231.0,1.0,5,148.35,0.0,380.95,3.0,84,27.01,60,27.01,2,184.61,199.34,7.0,19.0,222.6,1738.1,1643.04,130.0,0.0,2291.76,0,1048.93,0.0,0.0,0,0.0,0.0,0,0.0,0.0,0,0,1458.65,0.0,0.0,0,0.0,0.0,0,0.0,0.0,0,0,2429.88,0.0,0.0,0,0.0,0.0,0,0.0,0.0,0,0.0,0.0,0,0.0,0,0,0,0.0,0.0,0.0,0.0,0.0,41.7149,40.73,41.484,55.6,50.0,50.0,27.7,31.6,31.6,27.9,18.4,18.4,3136548.4905,237201.4796,784137.1226,1.0,1.0,1.0,138458.4712,154784.4304,152686.2169,220134.0,220134.0,220134.0,80250.0,114115.0,114115.0,2108.768363961804,139884.0,106019.0,106019.0,16,4,6,76.6605,5.4299,46.9717,240.4494,1.288,36.8322,0.599,0.1071,0.5087,1.0353918118133876,127.9865,50.7195,92.3377,0.0,0.0003620324395895399,401.4358,12.0307,72.4054,51.326,45.2896,45.366,160.9864,10.7428,35.5732,0.401,0.8929,0.4913,0.0,0.0
13,e_23rd_san_jacinto_dkr_stadium,9,23,459.0,0,1,30.2856,-97.7335,8,6.29,27.89,472.0,0.0,3259,472.0,2.0,5,124.64,0.0,428.14,3.0,8,156.15,3,195.46,2,323.0,413.6,2.0,8.0,477.52,429.1,373.26,390.0,4313.0,1384.44,1,0.0,237201.48,1.0,1,755624.98,0.9636,1,1898279.5,0.6052,1,0,622.96,0.0,0.0,0,0.0,0.0,0,219310.94,0.0699,1,0,410.16,0.0,0.0,0,35006.98,0.0446,1,617602.44,0.1969,1,4313.0,429.1,8,0.0,1,0,0,1.0,0.0,0.0,3471.203,0.0232,26.206,21.7862,21.934,44.4,23.7,29.9,19.4,19.4,19.4,25.0,4.3,10.5,3136548.4905,237201.4796,784137.1226,1.0,1.0,1.0,56893.3589,37546.2481,38816.2607,125774.0,59138.0,116593.0,4823.0,10625.0,10625.0,11.182365508441885,120951.0,48513.0,105968.0,15,2,3,253.9884,103.0516,102.8944,796.647,24.444,80.6834,0.0612,0.0237,0.0232,0.023796765545906297,4147.4579,4340.276,4426.7805,0.0,2.1811862288135595,13008.7029,1029.5199,3471.203,3893.4695,4237.2244,4323.8861,12212.0559,1005.0759,3390.5196,0.9388,0.9763,0.9768,0.0232,3471.203
59,lakeshore_pleasant_valley,3,15,448.4,0,0,30.24258,-97.71726,2,41.63,133.41,0.0,0.0,4293,0.0,2.0,6,198.23,108125.42,20.93,3.0,0,415.2,0,746.94,0,1507.26,620.89,0.0,1.0,1238.6,4859.26,4608.73,900.0,0.0,5862.3,0,3836.13,0.0,0.0,0,0.0,0.0,0,0.0,0.0,0,0,4793.51,0.0,0.0,0,0.0,0.0,0,0.0,0.0,0,0,5030.86,0.0,0.0,0,0.0,0.0,0,0.0,0.0,0,0.0,0.0,0,0.0,0,0,0,0.0,0.0,0.0,0.0,0.0,30.3157,28.4354,28.4839,43.3,29.9,30.9,22.0,26.8,26.3,21.3,3.1,4.6,3136548.4905,237201.4796,784137.1226,1.0,1.0,1.0,79996.9895,67075.0393,67716.0168,126273.0,83694.0,83694.0,29914.0,48519.0,48519.0,394.33719443912247,96359.0,35175.0,35175.0,14,2,5,64.32,59.7079,64.187,201.7428,14.1628,50.3314,0.2423,0.3231,0.2931,0.41462661164826997,265.4219,184.793,218.9937,0.0,0.0,832.5087,43.8332,171.7211,201.1019,125.0851,154.8067,630.7659,29.6704,121.3897,0.7577,0.6769,0.7069,0.0,0.0
64,rainey_driskill,9,11,444.45454545454544,0,0,30.260814,-97.738086,2,92.53,170.53,605.0,1901.0,6524,0.31825355076275647,2.0,9,96.31,26197.03,169.31,2.0,22,22.82,17,44.71,0,595.95,563.2,0.0,11.0,591.4,2462.23,2334.58,130.0,0.0,3199.36,0,1662.63,0.0,0.0,0,0.0,0.0,0,0.0,0.0,0,0,2257.38,0.0,0.0,0,0.0,0.0,0,0.0,0.0,0,0,3127.69,0.0,0.0,0,0.0,0.0,0,0.0,0.0,0,0.0,0.0,0,0.0,0,0,0,0.0,0.0,0.0,0.0,0.0,40.5183,45.7146,44.6131,50.0,50.0,50.0,27.7,35.5,34.5,22.3,14.5,15.5,3136548.4905,237201.4796,784137.1226,1.0,1.0,1.0,132221.8002,154702.9011,146165.8959,220134.0,166721.0,166721.0,80250.0,80250.0,80250.0,8618.577066405653,139884.0,86471.0,86471.0,15,4,6,20.1232,1.7639,4.2563,63.1173,0.4184,3.3375,0.3123,0.1114,0.1968,0.24500987380615039,64.4343,15.8393,21.6281,0.0019763808521830613,0.006210082644628099,202.1015,3.7571,16.9594,44.3112,14.0754,17.3718,138.9842,3.3387,13.6219,0.6877,0.8886,0.8032,0.0,0.0
24,w_5th_bowie,9,15,436.73333333333335,0,0,30.2696,-97.75332,7,67.32,137.41,7488.0,2318.0,8216,3.2303710094909404,1.0,9,80.44,8811.34,64.19,3.0,35,41.0,11,41.0,0,595.92,242.33,5.0,10.0,276.12,2174.05,1920.47,980.0,0.0,2168.26,0,1729.23,0.0,0.0,0,0.0,0.0,0,0.0,0.0,0,0,1564.62,0.0,0.0,0,0.0,0.0,0,0.0,0.0,0,0,2717.95,0.0,0.0,0,0.0,0.0,0,0.0,0.0,0,0.0,0.0,0,0.0,0,0,0,0.0,0.0,0.0,0.0,0.0,38.6426,39.5361,39.1231,55.6,55.6,55.6,31.6,32.1,32.1,24.0,23.5,23.5,3136548.4905,237201.4796,784137.1226,1.0,1.0,1.0,142379.6791,162885.449,152978.7803,220134.0,195117.0,195117.0,37564.0,37564.0,37564.0,1022.7577125291159,182570.0,157553.0,157553.0,13,6,7,121.0607,196.2924,188.6956,379.7127,46.5608,147.9632,0.9509,0.9991,0.9892,91.8113675850087,127.3141,196.4742,190.7509,0.020105263157894737,0.006223824786324786,399.3269,46.604,149.5748,6.2534,0.1818,2.0552,19.6142,0.0431,1.6116,0.0491,0.0009,0.0108,0.0,0.0
16,e_2nd_congress,9,15,426.6666666666667,0,0,30.26408,-97.74355,3,124.41,215.56,10003.0,0.0,6888,10003.0,1.0,11,80.4,15966.05,153.47,3.0,67,50.31,42,56.22,2,206.39,169.6,5.0,20.0,246.94,2194.94,2093.96,130.0,0.0,2733.08,0,1485.13,0.0,0.0,0,0.0,0.0,0,0.0,0.0,0,0,1921.93,0.0,0.0,0,0.0,0.0,0,0.0,0.0,0,0,2891.89,0.0,0.0,0,0.0,0.0,0,0.0,0.0,0,0.0,0.0,0,0.0,0,0,0,0.0,0.0,0.0,0.0,0.0,40.6428,43.7698,42.2227,50.0,50.0,50.0,27.7,31.6,31.6,22.3,18.4,18.4,3136548.4905,237201.4796,784137.1226,1.0,1.0,1.0,143995.4715,173327.2459,166340.7536,220134.0,220134.0,220134.0,80250.0,155363.0,114115.0,4211.3075805218405,139884.0,64771.0,106019.0,16,4,9,59.947,20.4167,31.391,188.0265,4.8429,24.6149,0.6953,0.477,0.6232,1.6538159194286366,86.2224,42.8044,50.3721,0.0,0.0010150254923522943,270.4408,10.1533,39.4986,26.2754,22.3877,18.981,82.4142,5.3104,14.8837,0.3047,0.523,0.3768,0.0,0.0
54,electric_drive_pfluger_ped_bridge,9,19,409.3157894736842,0,0,30.267064,-97.75482,4,140.69,155.15,653.0,2318.0,8216,0.2817083692838654,1.0,8,115.67,42624.81,1.32,3.0,13,98.24,5,139.88,0,792.48,293.45,3.0,11.0,315.82,2473.77,2232.71,980.0,0.0,2477.96,0,1988.76,0.0,0.0,0,0.0,0.0,0,0.0,0.0,0,0,1859.89,0.0,0.0,0,0.0,0.0,0,0.0,0.0,0,0,3030.76,0.0,0.0,0,0.0,0.0,0,0.0,0.0,0,0.0,0.0,0,0.0,0,0,0,0.0,0.0,0.0,0.0,0.0,36.9388,36.4107,36.027,55.6,38.0,55.6,31.5,32.1,32.1,24.1,5.9,23.5,3136548.4905,237201.4796,784137.1226,1.0,1.0,1.0,148159.0645,164280.7361,162583.165,220134.0,183017.0,195117.0,37564.0,124453.0,120469.0,1612.4451305263701,182570.0,58564.0,74648.0,14,4,7,114.7415,94.6847,128.0455,359.8924,22.4594,100.4052,0.9412,0.9994,0.9958,236.2475294117647,121.9043,94.741,128.5875,0.009694866264020708,0.0344145482388974,382.3586,22.4727,100.8302,7.1627,0.0562,0.542,22.4662,0.0133,0.425,0.0588,0.0006,0.0042,0.0,0.0
29,w_16th_san_antonio,9,11,380.45454545454544,0,0,30.27924,-97.74371,7,101.19,147.3,6343.0,0.0,3720,6343.0,1.0,5,193.77,0.0,461.91,2.0,7,118.91,4,147.14,0,568.8,547.91,0.0,12.0,633.27,783.2,521.82,980.0,0.0,1089.14,0,349.9,0.0,0.0,0,34415.36,0.0439,1,596159.0,0.1901,1,0,312.12,0.0,0.0,0,96505.65,0.1231,1,536734.3,0.1711,1,0,1316.94,0.0,0.0,0,0.0,0.0,0,0.0,0.0,0,0.0,0.0,0,0.0,0,0,0,0.0,0.0,0.0,0.0,0.0,36.1437,44.4,41.2685,55.6,44.4,44.4,19.4,44.4,19.4,36.2,0.0,25.0,3136548.4905,237201.4796,784137.1226,1.0,1.0,1.0,80528.3818,98706.0,88794.1992,139474.0,98706.0,130194.0,2499.0,98706.0,10625.0,68.1304670119194,136975.0,0.0,119569.0,14,1,5,136.5393,89.1954,142.4018,428.2621,21.1573,111.6625,0.0401,0.556,0.0857,0.09370537377293478,3404.4689,160.4279,1662.0772,0.0,0.005999322087340375,10678.2819,38.0537,1303.2965,3267.9296,71.2325,1519.6754,10250.0198,16.8964,1191.6339,0.9599,0.444,0.9143,0.0,0.0
57,lake_austin_blvd_deep_eddy,10,11,368.8181818181818,0,0,30.27807,-97.77272,5,146.12,164.49,989.0,0.0,1141,989.0,1.0,2,286.24,35568.95,48.64,3.0,7,37.62,4,37.67,0,964.52,482.45,1.0,2.0,911.96,3455.48,3072.25,980.0,0.0,2687.24,0,2981.17,0.0,0.0,0,0.0,0.0,0,0.0,0.0,0,0,2055.17,0.0,0.0,0,0.0,0.0,0,0.0,0.0,0,0,3397.92,0.0,0.0,0,0.0,0.0,0,0.0,0.0,0,0.0,0.0,0,0.0,0,0,0,0.0,0.0,0.0,0.0,0.0,39.7331,30.8304,36.5589,59.8,33.0,59.8,29.2,29.2,29.2,30.6,3.8,30.6,3136548.4905,237201.4796,784137.1226,1.0,1.0,1.0,121063.7515,94612.5951,107711.8872,234688.0,170000.0,183017.0,37961.0,37961.0,37961.0,384.26577554434317,196727.0,132039.0,145056.0,9,2,6,135.3509,293.2627,205.937,424.5346,69.5623,161.4828,0.6209,0.5667,0.5761,1.3590208621402102,217.976,517.4724,357.4703,0.0,0.12411041456016178,683.6922,122.7452,280.3057,82.6251,224.2098,151.5333,259.1576,53.1829,118.8229,0.3791,0.4333,0.4239,0.0,0.0
71,south_congress_barton_springs,9,11,363.8181818181818,0,0,30.25839,-97.74592,2,243.36,265.69,4726.0,428.0,6161,11.042056074766355,1.0,2,270.76,0.0,337.69,3.0,15,69.1,6,166.92,2,354.12,305.54,3.0,12.0,366.73,2864.96,2764.54,130.0,0.0,3340.63,0,2153.95,0.0,0.0,0,0.0,0.0,0,0.0,0.0,0,0,2586.05,0.0,0.0,0,0.0,0.0,0,0.0,0.0,0,0,3558.47,0.0,0.0,0,0.0,0.0,0,0.0,0.0,0,0.0,0.0,0,0.0,0,0,0,0.0,0.0,0.0,0.0,0.0,38.5189,34.9678,36.6978,50.0,35.8,46.2,31.6,33.3,33.3,18.4,2.5,12.9,3136548.4905,237201.4796,784137.1226,1.0,1.0,1.0,146529.9474,125772.136,134861.013,220134.0,166071.0,166721.0,80250.0,123889.0,123889.0,6507.448477859111,139884.0,42182.0,42832.0,16,3,5,34.2301,12.5011,21.0879,107.3644,2.9653,16.5358,0.733,0.7748,0.7979,3.9479992359851015,46.6966,16.1346,26.4292,0.008941822429906543,0.0008097968683876428,146.4662,3.8271,20.7241,12.4665,3.6334,5.3414,39.1018,0.8619,4.1884,0.267,0.2252,0.2021,0.0,0.0
21,w_4th_congress,9,15,360.3333333333333,0,0,30.26634,-97.74378,4,204.1,221.77,22051.0,687.0,6460,32.09752547307132,1.0,9,113.75,0.0,334.61,3.0,97,36.39,68,56.46,3,104.03,226.76,8.0,21.0,264.54,1964.44,1869.8,130.0,0.0,2481.98,0,1273.44,0.0,0.0,0,0.0,0.0,0,0.0,0.0,0,0,1681.2,0.0,0.0,0,0.0,0.0,0,0.0,0.0,0,0,2653.83,0.0,0.0,0,0.0,0.0,0,0.0,0.0,0,0.0,0.0,0,0.0,0,0,0,0.0,0.0,0.0,0.0,0.0,41.1131,39.9312,41.6925,55.6,50.0,50.0,27.7,31.6,31.6,27.9,18.4,18.4,3136548.4905,237201.4796,784137.1226,1.0,1.0,1.0,142727.0466,186655.1877,164679.9043,220134.0,220134.0,220134.0,80250.0,114115.0,114115.0,1911.8525441654679,139884.0,106019.0,106019.0,15,5,7,67.7934,8.2607,80.4048,212.6374,1.9595,63.0484,0.6656,0.2656,0.732,2.7307983835688825,101.849,31.1039,109.8485,0.01073930131004367,0.000334583465602467,319.4544,7.3779,86.1363,34.0556,22.8431,29.4437,106.817,5.4184,23.0879,0.3344,0.7344,0.268,0.0,0.0
52,e_6th_pedernales,3,11,345.1818181818182,0,0,30.25895,-97.71475,3,225.87,248.79,1227.0,0.0,3954,1227.0,2.0,1,259.27,0.0,358.33,2.0,8,47.62,5,47.62,0,484.11,431.84,1.0,4.0,595.57,3407.87,3100.24,900.0,0.0,4544.48,0,2402.77,0.0,0.0,0,0.0,0.0,0,0.0,0.0,0,0,3446.18,0.0,0.0,0,0.0,0.0,0,0.0,0.0,0,0,3337.34,0.0,0.0,0,0.0,0.0,0,0.0,0.0,0,0.0,0.0,0,0.0,0,0,0,0.0,0.0,0.0,0.0,0.0,35.5054,35.1113,34.7833,43.5,35.9,35.9,26.8,31.9,31.9,16.7,4.0,4.0,3136548.4905,237201.4796,784137.1226,1.0,1.0,1.0,102983.9685,75368.3391,91316.7317,158286.0,158286.0,158286.0,48519.0,68913.0,68913.0,542.1671890427485,109767.0,89373.0,89373.0,15,3,5,171.7474,63.7319,129.7863,538.6942,15.1173,101.7702,0.6077,0.6906,0.6042,1.526730864145673,282.639,92.2854,214.7955,0.0,0.017840423797881012,886.511,21.8902,168.4291,110.8916,28.5536,85.0092,347.8168,6.7729,66.6589,0.3923,0.3094,0.3958,0.0,0.0
41,cesar_chavez_congress,9,11,335.90909090909093,0,0,30.26332,-97.74508,3,121.75,142.26,6452.0,0.0,6999,6452.0,1.0,8,95.28,21924.29,0.0,3.0,48,106.15,24,127.0,1,297.05,169.6,3.0,19.0,251.81,2321.74,2226.68,130.0,0.0,2800.46,0,1626.46,0.0,0.0,0,0.0,0.0,0,0.0,0.0,0,0,2035.97,0.0,0.0,0,0.0,0.0,0,0.0,0.0,0,0,3009.48,0.0,0.0,0,0.0,0.0,0,0.0,0.0,0,0.0,0.0,0,0.0,0,0,0,0.0,0.0,0.0,0.0,0.0,40.1579,40.0542,39.9889,55.6,50.0,50.0,31.6,31.6,31.6,24.0,18.4,18.4,3136548.4905,237201.4796,784137.1226,1.0,1.0,1.0,147074.0393,163689.3707,159808.5975,220134.0,220134.0,220134.0,80250.0,123889.0,123889.0,3521.812853704977,139884.0,96245.0,96245.0,16,6,7,64.5438,52.7664,46.9443,202.4449,12.5163,36.8108,0.7704,0.8562,0.8112,4.297264799617095,83.7776,61.6285,57.8685,0.0,0.002265716057036578,262.7725,14.6184,45.3768,19.2338,8.8621,10.9242,60.3276,2.1021,8.5661,0.2296,0.1438,0.1888,0.0,0.0
37,barton_springs_bouldin_palmer_auditorium,9,15,335.8,0,0,30.25966,-97.753445,5,32.73,41.07,3647.0,993.0,6891,3.6727089627391742,1.0,3,219.34,114251.7,4.86,3.0,6,144.69,3,189.06,0,856.05,359.12,2.0,12.0,485.93,3041.65,2885.16,980.0,0.0,3247.17,0,2421.18,0.0,0.0,0,0.0,0.0,0,0.0,0.0,0,0,2660.8,0.0,0.0,0,0.0,0.0,0,0.0,0.0,0,0,3674.5,0.0,0.0,0,0.0,0.0,0,0.0,0.0,0,0.0,0.0,0,0.0,0,0,0,0.0,0.0,0.0,0.0,0.0,35.406,35.69,35.5553,50.0,35.8,35.8,27.8,35.3,31.5,22.2,0.5,4.3,3136548.4905,237201.4796,784137.1226,1.0,1.0,1.0,151154.1679,136297.1679,138271.9792,220134.0,178274.0,204548.0,119375.0,124453.0,124453.0,4024.869571292178,100759.0,53821.0,80095.0,16,2,4,59.1605,17.3146,24.5852,185.5596,4.1071,19.2782,0.78,0.4519,0.5612,1.2787174486939679,75.8471,38.313,43.8117,0.009151963746223565,0.002491883740060323,237.898,9.0879,34.3544,16.6866,20.9984,19.2265,52.3383,4.9808,15.0762,0.22,0.5481,0.4388,0.0,0.0
36,barton_springs_pool,8,11,328.45454545454544,0,0,30.26452,-97.7712,0,321.83,371.05,34.0,0.0,2358,34.0,1.0,4,143.9,235271.49,0.0,2.0,3,147.48,1,560.6,1,371.38,324.94,3.0,3.0,350.35,3890.48,3555.73,980.0,0.0,3501.62,0,3413.32,0.0,0.0,0,0.0,0.0,0,0.0,0.0,0,0,2808.87,0.0,0.0,0,0.0,0.0,0,0.0,0.0,0,0,4187.48,0.0,0.0,0,0.0,0.0,0,0.0,0.0,0,0.0,0.0,0,0.0,0,0,0,0.0,0.0,0.0,0.0,0.0,37.5245,35.1853,35.5144,59.8,36.9,38.4,26.9,34.4,34.4,32.9,2.5,4.0,3136548.4905,237201.4796,784137.1226,1.0,1.0,1.0,119724.2261,71683.9669,82544.2181,250001.0,92763.0,213393.0,53042.0,62031.0,62031.0,2818.545934760859,196959.0,30732.0,151362.0,10,2,3,30.0881,17.081,18.3696,94.3729,4.0516,14.4043,0.5309,0.5376,0.4918,0.9679138276283782,56.6764,31.7752,37.3482,0.0,0.22167941176470587,177.7682,7.5371,29.2861,26.5883,14.6942,18.9786,83.3954,3.4855,14.8818,0.4691,0.4624,0.5082,0.0,0.0
17,w_2nd_lavaca_city_hall,9,19,322.94736842105266,0,0,30.26476,-97.74678,5,111.62,116.66,9148.0,1252.0,9890,7.306709265175719,1.0,11,82.27,20945.04,92.45,3.0,76,27.98,40,64.55,0,350.64,228.52,5.0,21.0,295.29,2237.48,2140.52,980.0,0.0,2632.08,0,1579.04,0.0,0.0,0,0.0,0.0,0,0.0,0.0,0,0,1930.72,0.0,0.0,0,0.0,0.0,0,0.0,0.0,0,0,2905.56,0.0,0.0,0,0.0,0.0,0,0.0,0.0,0,0.0,0.0,0,0.0,0,0,0,0.0,0.0,0.0,0.0,0.0,39.7502,35.9183,38.4997,55.6,50.0,50.0,31.6,31.6,31.6,24.0,18.4,18.4,3136548.4905,237201.4796,784137.1226,1.0,1.0,1.0,147690.5374,173738.2214,166705.7653,220134.0,220134.0,220134.0,114115.0,124453.0,123889.0,1473.636913549035,106019.0,95681.0,96245.0,15,6,9,72.1336,123.6597,137.1945,226.2504,29.3323,107.5793,0.8015,0.993,0.951,19.39728818449,89.9952,124.5281,144.2674,0.023592811501597442,0.003228924355050284,282.2742,29.5382,113.1254,17.8616,0.8684,7.0729,56.0238,0.206,5.5461,0.1985,0.007,0.049,0.0,0.0
87,dean_keeton_robert_dedman_dr,1,11,316.0,0,1,30.28785,-97.728541,5,22.87,94.69,249.0,0.0,3787,249.0,1.0,4,214.89,0.38,274.27,3.0,7,131.74,3,221.78,0,639.12,461.73,1.0,3.0,609.98,960.03,233.88,190.0,190.0,1825.0,1,0.0,132464.25,0.5584,1,366122.63,0.4669,1,1360731.03,0.4338,1,0,1159.33,0.0,0.0,0,0.0,0.0,0,0.0,0.0,0,0,19.48,77501.06,0.3267,1,215281.49,0.2745,1,859334.17,0.274,1,190.0,960.03,5,0.0,1,0,0,0.5584,0.0,0.3267,475.0786,0.3275,27.573,23.7,25.7151,39.4,23.7,39.4,19.4,23.7,19.4,20.0,0.0,20.0,3136548.4905,237201.4796,784137.1226,1.0,1.0,1.0,78522.5132,59138.0,71715.28,125774.0,59138.0,125774.0,10625.0,59138.0,10625.0,150.95455783527188,115149.0,0.0,115149.0,10,1,5,374.2716,107.7673,198.4234,1173.9209,25.5626,155.5912,0.1821,0.1888,0.3275,0.4870026173176156,2055.655,570.7268,605.8616,0.0,0.5436835341365461,6447.6617,135.3772,475.0786,1681.3835,462.9595,407.4382,5273.7408,109.8147,319.4874,0.8179,0.8112,0.6725,0.3275,475.0786
35,w_9th_henderson,9,11,310.45454545454544,0,0,30.27217,-97.75246,5,103.82,124.93,6526.0,0.0,7206,6526.0,1.0,2,202.49,29932.63,83.26,2.0,24,86.94,9,146.13,0,512.44,273.99,3.0,9.0,352.68,1924.97,1645.84,980.0,0.0,1871.73,0,1484.83,0.0,0.0,0,0.0,0.0,0,0.0,0.0,0,0,1275.76,0.0,0.0,0,0.0,0.0,0,0.0,0.0,0,0,2439.32,0.0,0.0,0,0.0,0.0,0,0.0,0.0,0,0.0,0.0,0,0.0,0,0,0,0.0,0.0,0.0,0.0,0.0,40.5063,44.7879,42.1202,55.6,55.6,55.6,21.2,32.1,32.1,34.4,23.5,23.5,3136548.4905,237201.4796,784137.1226,1.0,1.0,1.0,136276.5615,118062.5523,131144.8534,220134.0,195117.0,195117.0,9000.0,37564.0,37564.0,995.8066912635129,211134.0,157553.0,157553.0,16,6,6,127.7402,136.4482,162.3917,400.6634,32.3657,127.3373,0.8924,0.9669,0.9669,29.20714252947383,143.1354,141.1159,167.9517,0.0,0.005129160281949127,448.9512,33.4729,131.6971,15.3952,4.6677,5.56,48.2878,1.1072,4.3598,0.1076,0.0331,0.0331,0.0,0.0
23,e_5th_neches_downtown_station,9,15,294.6,0,0,30.265843991099903,-97.73891781267967,5,87.37,134.56,3492.0,925.0,4682,3.775135135135135,1.0,7,64.29,7088.65,2.17,3.0,81,42.16,67,87.07,3,60.18,345.66,5.0,18.0,395.88,1912.42,1790.59,130.0,0.0,2643.26,0,1153.42,0.0,0.0,0,0.0,0.0,0,0.0,0.0,0,0,1695.85,0.0,0.0,0,0.0,0.0,0,0.0,0.0,0,0,2630.84,0.0,0.0,0,0.0,0.0,0,0.0,0.0,0,0.0,0.0,0,0.0,0,0,0,0.0,0.0,0.0,0.0,0.0,40.8096,48.8738,46.8452,50.0,50.0,50.0,27.7,45.2,27.7,22.3,4.8,22.3,3136548.4905,237201.4796,784137.1226,1.0,1.0,1.0,132348.2937,150761.4846,142575.8714,220134.0,161995.0,220134.0,80250.0,114115.0,80250.0,2539.1013230137432,139884.0,47880.0,139884.0,16,2,7,57.4212,0.0,3.1086,180.1044,0.0,2.4376,0.3933,0.0,0.0434,0.04538067002392278,145.9915,63.0747,71.61,0.016174486486486485,0.0042844788087056124,457.9094,14.9614,56.1521,88.5703,63.0747,68.5014,277.805,14.9614,53.7145,0.6067,1.0,0.9566,0.0,0.0
68,s_1st_riverside_long_center,9,15,289.6666666666667,0,0,30.259384,-97.749726,7,9.0,38.58,1166.0,0.0,5236,1166.0,1.0,3,150.28,77934.1,4.24,3.0,6,149.57,3,164.12,0,532.94,204.84,3.0,14.0,315.45,2897.3,2790.27,980.0,0.0,3234.1,0,2230.43,0.0,0.0,0,0.0,0.0,0,0.0,0.0,0,0,2585.36,0.0,0.0,0,0.0,0.0,0,0.0,0.0,0,0,3562.22,0.0,0.0,0,0.0,0.0,0,0.0,0.0,0,0.0,0.0,0,0.0,0,0,0,0.0,0.0,0.0,0.0,0.0,36.8608,35.8,35.6769,50.0,35.8,37.0,31.5,35.8,33.3,18.5,0.0,3.7,3136548.4905,237201.4796,784137.1226,1.0,1.0,1.0,148325.5917,124453.0,127552.244,220134.0,124453.0,178274.0,123889.0,124453.0,123889.0,4983.833361986778,96245.0,0.0,54385.0,15,1,5,54.9956,22.2001,25.377,172.4962,5.2659,19.899,0.8048,0.7879,0.7775,3.4946085490499104,68.3357,28.1771,32.6387,0.0,0.005732075471698113,214.3381,6.6836,25.5932,13.3401,5.977,7.2617,41.8419,1.4177,5.6942,0.1952,0.2121,0.2225,0.0,0.0
42,dean_keeton_park_place,9,15,288.8666666666667,0,1,30.28931,-97.733037,6,143.58,150.46,23359.0,0.0,4776,23359.0,2.0,5,142.18,30366.15,17.8,3.0,1,284.42,0,298.06,1,575.87,377.16,3.0,8.0,417.5,662.17,245.13,190.0,190.0,1394.01,0,5.44,135283.84,0.5703,1,457208.18,0.5831,1,1435931.53,0.4578,1,0,812.62,0.0,0.0,0,0.0,0.0,0,146801.82,0.0468,1,1,0.0,120455.05,0.5078,1,383821.87,0.4895,1,1259653.07,0.4016,1,190.0,662.17,6,0.0,0,0,1,0.5703,0.0,0.5078,2716.315,0.0756,24.3383,25.0553,23.8063,39.4,29.9,29.9,19.4,19.4,19.4,20.0,10.5,10.5,3136548.4905,237201.4796,784137.1226,1.0,1.0,1.0,54359.211,69642.464,56045.9305,125774.0,116593.0,116593.0,4823.0,10625.0,10625.0,20.633074772255796,120951.0,105968.0,105968.0,15,4,6,522.3664,119.5458,261.8479,1638.4276,28.3564,205.3246,0.1296,0.0509,0.0756,0.0817703676513605,4029.2511,2348.979,3464.0816,0.0,0.02385296031508198,12637.9415,557.1813,2716.315,3506.8847,2229.4332,3202.2337,10999.5139,528.8248,2510.9903,0.8704,0.9491,0.9244,0.0756,2716.315
2,w_11th_congress_the_texas_capitol,9,11,283.09090909090907,0,0,30.2726,-97.74127,2,249.51,270.97,8836.0,0.0,4809,8836.0,1.0,5,233.37,1262.32,51.46,3.0,11,84.32,3,132.78,1,347.99,272.92,6.0,16.0,303.17,1229.9,1138.73,130.0,0.0,1861.35,0,571.84,0.0,0.0,0,0.0,0.0,0,185016.2,0.059,1,0,954.27,0.0,0.0,0,0.0,0.0,0,4218.51,0.0013,1,0,1922.46,0.0,0.0,0,0.0,0.0,0,0.0,0.0,0,0.0,0.0,0,0.0,0,0,0,0.0,0.0,0.0,0.0,0.0,42.2726,42.1511,42.2666,55.6,45.2,45.2,19.4,37.1,37.1,36.2,8.1,8.1,3136548.4905,237201.4796,784137.1226,1.0,1.0,1.0,122501.9417,113322.5306,113456.1371,220134.0,130194.0,130194.0,10625.0,98706.0,98706.0,1346.668373106072,209509.0,31488.0,31488.0,16,3,3,80.3073,42.4269,40.2879,251.8879,10.0637,31.5912,0.3695,0.3947,0.375,0.5999282164445112,217.3695,107.4973,107.4424,0.0,0.002885751471253961,681.7899,25.4985,84.2495,137.0621,65.0704,67.1545,429.902,15.4348,52.6583,0.6305,0.6053,0.625,0.0,0.0
75,veterans_atlanta_mopac_ped_bridge,9,19,280.7894736842105,0,0,30.274475,-97.769892,1,249.28,323.55,0.0,0.0,1141,0.0,1.0,12,65.86,68181.76,0.81,3.0,0,421.6,0,443.95,0,821.65,482.45,2.0,3.0,645.16,3318.78,2917.58,980.0,0.0,2656.23,0,2809.55,0.0,0.0,0,0.0,0.0,0,0.0,0.0,0,0,1993.7,0.0,0.0,0,0.0,0.0,0,0.0,0.0,0,0,3368.76,0.0,0.0,0,0.0,0.0,0,0.0,0.0,0,0.0,0.0,0,0.0,0,0,0,0.0,0.0,0.0,0.0,0.0,38.3432,32.7281,35.9308,59.8,59.8,59.8,29.2,29.2,29.2,30.6,30.6,30.6,3136548.4905,237201.4796,784137.1226,1.0,1.0,1.0,112829.2071,135603.8359,124126.7403,234688.0,183017.0,183017.0,37564.0,37961.0,37961.0,815.233104469221,197124.0,145056.0,145056.0,10,4,6,112.8916,148.0837,124.9662,354.09,35.1257,97.9906,0.6737,0.6392,0.6436,1.8056592578397084,167.5596,231.6659,194.1742,0.0,0.0,525.5587,54.9515,152.2592,54.668,83.5822,69.2081,171.4687,19.8258,54.2686,0.3263,0.3608,0.3564,0.0,0.0
56,hollow_creek_barton_hills,5,11,277.0,0,0,30.26139,-97.77234,0,646.73,688.75,26.0,0.0,2827,26.0,1.0,7,87.03,73806.88,62.42,2.0,2,290.26,0,725.73,0,595.43,328.15,2.0,3.0,443.31,4173.16,3855.4,980.0,0.0,3839.0,0,3707.54,0.0,0.0,0,0.0,0.0,0,0.0,0.0,0,0,3146.21,0.0,0.0,0,0.0,0.0,0,0.0,0.0,0,0,4517.19,0.0,0.0,0,0.0,0.0,0,0.0,0.0,0,0.0,0.0,0,0.0,0,0,0,0.0,0.0,0.0,0.0,0.0,36.1195,37.1915,36.8098,59.8,41.0,41.0,26.9,34.4,26.9,32.9,6.6,14.1,3136548.4905,237201.4796,784137.1226,1.0,1.0,1.0,129607.3789,110804.2262,122855.9325,250001.0,213393.0,250001.0,53042.0,62031.0,62031.0,2625.564356879993,196959.0,151362.0,187970.0,12,4,5,43.1844,22.3876,27.4216,135.4499,5.3104,21.5023,0.3911,0.4874,0.4595,0.8502360635513133,110.4054,45.9324,59.6735,0.0,0.4190461538461539,346.2918,10.8952,46.7922,67.221,23.5448,32.2518,210.842,5.5849,25.2898,0.6089,0.5126,0.5405,0.0,0.0
74,south_congress_mary,9,11,271.72727272727275,0,0,30.244961,-97.751272,2,9.06,200.94,959.0,1121.0,3744,0.855486173059768,1.0,10,114.43,0.0,395.93,3.0,20,55.42,7,118.46,0,1184.02,449.89,1.0,3.0,666.81,4439.64,4339.29,130.0,0.0,4839.16,0,3726.39,0.0,0.0,0,0.0,0.0,0,0.0,0.0,0,0,4155.51,0.0,0.0,0,0.0,0.0,0,0.0,0.0,0,0,5129.48,0.0,0.0,0,0.0,0.0,0,0.0,0.0,0,0.0,0.0,0,0.0,0,0,0,0.0,0.0,0.0,0.0,0.0,36.5013,37.1896,36.9118,46.5,38.0,38.0,19.6,36.3,30.5,26.9,1.7,7.5,3136548.4905,237201.4796,784137.1226,1.0,1.0,1.0,129607.6221,128581.7991,124903.0211,233073.0,152467.0,152467.0,52609.0,152467.0,63095.0,2246.0936377205126,180464.0,0.0,89372.0,14,2,3,21.7309,28.9627,28.2234,68.1601,6.87,22.131,0.3694,0.3924,0.398,0.6610629698995457,58.8336,73.8006,70.9174,0.01561605709188225,0.018254014598540147,184.5346,17.5056,55.609,37.1027,44.8379,42.694,116.3745,10.6356,33.4779,0.6306,0.6076,0.602,0.0,0.0
76,zilker_park,8,15,262.6,0,0,30.2659,-97.76822,2,31.18,175.12,51.0,0.0,2568,51.0,1.0,0,307.08,237174.19,0.0,3.0,1,297.83,0,510.5,1,300.37,324.94,2.0,5.0,471.37,3566.28,3234.44,980.0,0.0,3201.06,0,3090.74,0.0,0.0,0,0.0,0.0,0,0.0,0.0,0,0,2508.28,0.0,0.0,0,0.0,0.0,0,0.0,0.0,0,0,3880.37,0.0,0.0,0,0.0,0.0,0,0.0,0.0,0,0.0,0.0,0,0.0,0,0,0,0.0,0.0,0.0,0.0,0.0,36.1383,34.6443,35.1887,59.8,36.9,38.4,26.9,34.4,32.1,32.9,2.5,6.3,3136548.4905,237201.4796,784137.1226,1.0,1.0,1.0,129456.3422,65034.519,85843.651,250001.0,92763.0,213393.0,37961.0,62031.0,62031.0,2570.261536342623,212040.0,30732.0,151362.0,11,2,5,36.2925,15.9629,21.9923,113.8332,3.7864,17.245,0.6139,0.5119,0.5163,1.0675506691923882,59.1135,31.1832,42.5931,0.0,0.14503333333333335,185.4122,7.3967,33.3988,22.8209,15.2203,20.6007,71.579,3.6103,16.1538,0.3861,0.4881,0.4837,0.0,0.0
28,w_6th_lavaca,9,7,259.42857142857144,0,0,30.268887,-97.745242,15,32.77,66.51,13709.0,687.0,6877,19.954876273653568,1.0,9,164.59,6623.28,177.06,2.0,45,43.22,39,43.22,1,293.91,205.02,6.0,20.0,254.04,1761.88,1661.23,980.0,0.0,2184.59,0,1133.18,0.0,0.0,0,0.0,0.0,0,0.0,0.0,0,0,1449.99,0.0,0.0,0,0.0,0.0,0,0.0,0.0,0,0,2424.97,0.0,0.0,0,0.0,0.0,0,0.0,0.0,0,0.0,0.0,0,0.0,0,0,0,0.0,0.0,0.0,0.0,0.0,41.6346,36.0767,38.9596,55.6,50.0,50.0,31.6,31.6,31.6,24.0,18.4,18.4,3136548.4905,237201.4796,784137.1226,1.0,1.0,1.0,139508.7088,168132.4499,157876.3935,220134.0,220134.0,220134.0,37564.0,114115.0,114115.0,1243.058566339964,182570.0,106019.0,106019.0,16,5,6,83.2415,111.1589,137.8424,261.091,26.3671,108.0874,0.706,0.9057,0.851,5.713136459979597,117.9,122.7299,161.9697,0.04237510917030567,0.002123546575242541,369.799,29.1117,127.0064,34.6585,11.571,24.1273,108.708,2.7447,18.9191,0.294,0.0943,0.149,0.0,0.0
31,w_8th_congress,9,11,254.9090909090909,0,0,30.2698,-97.74186,8,12.66,132.94,28537.0,0.0,5374,28537.0,1.0,5,111.31,1239.89,240.39,3.0,55,15.18,36,17.33,1,283.78,199.34,7.0,18.0,258.43,1541.56,1444.53,130.0,0.0,2142.41,0,850.07,0.0,0.0,0,0.0,0.0,0,30598.97,0.0098,1,0,1269.57,0.0,0.0,0,0.0,0.0,0,0.0,0.0,0,0,2237.68,0.0,0.0,0,0.0,0.0,0,0.0,0.0,0,0.0,0.0,0,0.0,0,0,0,0.0,0.0,0.0,0.0,0.0,42.0841,41.7297,41.748,55.6,50.0,50.0,27.7,31.6,31.6,27.9,18.4,18.4,3136548.4905,237201.4796,784137.1226,1.0,1.0,1.0,133402.8845,125201.0256,135564.6091,220134.0,220134.0,220134.0,80250.0,114115.0,98706.0,2224.49302613313,139884.0,106019.0,121428.0,16,4,6,83.2359,7.9553,18.4057,261.0734,1.887,14.4326,0.5556,0.1021,0.2368,0.31031709855254447,149.8238,77.9087,77.7183,0.0,0.0006475838385254231,469.9295,18.4801,60.9418,66.5879,69.9534,59.3126,208.8561,16.593,46.5092,0.4444,0.8979,0.7632,0.0,0.0
38,barton_springs_kinney,9,11,252.1818181818182,0,0,30.262,-97.76118,3,55.38,120.75,859.0,0.0,7316,859.0,1.0,11,109.33,697.48,266.83,3.0,23,47.87,20,47.87,0,773.56,514.08,0.0,5.0,684.14,3303.19,3049.42,980.0,0.0,3218.4,0,2806.68,0.0,0.0,0,0.0,0.0,0,0.0,0.0,0,0,2556.85,0.0,0.0,0,0.0,0.0,0,0.0,0.0,0,0,3830.13,0.0,0.0,0,0.0,0.0,0,0.0,0.0,0,0.0,0.0,0,0.0,0,0,0,0.0,0.0,0.0,0.0,0.0,35.0209,34.727,34.9668,38.4,38.4,38.4,27.8,31.5,31.5,10.6,6.9,6.9,3136548.4905,237201.4796,784137.1226,1.0,1.0,1.0,152453.8444,179634.5183,179614.4512,213393.0,213393.0,213393.0,53042.0,148333.0,62031.0,2150.4300059024317,160351.0,65060.0,151362.0,12,3,7,55.6339,81.8414,77.138,174.4985,19.4129,60.4868,0.3909,0.7572,0.7242,2.6255116524366158,142.3376,108.0894,106.5182,0.0,0.029847497089639116,446.4486,25.639,83.5249,86.7036,26.2481,29.3802,271.9501,6.2261,23.0381,0.6091,0.2428,0.2758,0.0,0.0
25,w_5th_campbell,9,15,251.7333333333333,0,0,30.27489,-97.76483,4,15.08,116.9,1780.0,0.0,3380,1780.0,1.0,17,92.86,0.0,278.54,3.0,15,44.68,5,46.27,0,797.63,489.12,1.0,2.0,791.45,2840.54,2447.51,980.0,0.0,2248.16,0,2333.24,0.0,0.0,0,0.0,0.0,0,0.0,0.0,0,0,1565.85,0.0,0.0,0,0.0,0.0,0,0.0,0.0,0,0,2953.14,0.0,0.0,0,0.0,0.0,0,0.0,0.0,0,0.0,0.0,0,0.0,0,0,0,0.0,0.0,0.0,0.0,0.0,37.3008,33.5995,34.7636,59.8,44.2,55.6,29.2,32.1,29.2,30.6,12.1,26.4,3136548.4905,237201.4796,784137.1226,1.0,1.0,1.0,113715.587,151389.6013,134176.3593,183017.0,183017.0,183017.0,37564.0,37564.0,37564.0,1055.268694995635,145453.0,145453.0,145453.0,12,3,6,139.8589,111.1687,143.1201,438.6743,26.3694,112.2258,0.7825,0.883,0.8826,7.520223544548087,178.7397,125.9017,162.1515,0.0,0.016777584269662922,560.6259,29.8641,127.149,38.8808,14.733,19.0314,121.9515,3.4947,14.9232,0.2175,0.117,0.1174,0.0,0.0
49,e_5th_broadway,3,15,239.53333333333333,0,0,30.2563,-97.71007,2,130.75,216.89,692.0,1122.0,3242,0.6167557932263814,2.0,3,159.22,0.0,461.88,3.0,5,115.07,0,402.17,1,463.19,537.61,0.0,2.0,832.3,3921.78,3606.38,900.0,0.0,5069.74,0,2851.99,0.0,0.0,0,0.0,0.0,0,0.0,0.0,0,0,3972.96,0.0,0.0,0,0.0,0.0,0,0.0,0.0,0,0,3781.47,0.0,0.0,0,0.0,0.0,0,0.0,0.0,0,0.0,0.0,0,0.0,0,0,0,0.0,0.0,0.0,0.0,0.0,35.0009,35.1159,35.2048,43.3,35.9,43.3,26.8,35.0,31.9,16.5,0.9,11.4,3136548.4905,237201.4796,784137.1226,1.0,1.0,1.0,102836.534,70600.1186,77417.257,158594.0,82009.0,158286.0,48519.0,68913.0,68913.0,1236.3952101163773,110075.0,13096.0,89373.0,12,2,4,76.1604,59.7799,59.2405,238.8807,14.1799,46.4526,0.5791,0.8024,0.7419,2.874079665400368,131.5124,74.5055,79.8524,0.015751158645276292,0.02553872832369942,412.495,17.6728,62.6153,55.352,14.7255,20.612,173.6143,3.4929,16.1626,0.4209,0.1976,0.2581,0.0,0.0
45,e_11th_san_marcos,1,11,239.1818181818182,0,0,30.26968,-97.73074,5,52.16,73.17,526.0,0.0,3865,526.0,2.0,8,107.46,4550.51,145.76,2.0,8,87.76,2,189.78,3,166.63,234.34,2.0,13.0,429.26,1588.11,1358.41,900.0,0.0,2636.31,0,578.18,0.0,0.0,0,0.0,0.0,0,167550.87,0.0534,1,0,1542.3,0.0,0.0,0,0.0,0.0,0,0.0,0.0,0,0,1984.67,0.0,0.0,0,0.0,0.0,0,0.0,0.0,0,0.0,0.0,0,0.0,0,0,0,0.0,0.0,0.0,0.0,0.0,38.3635,32.5869,35.3502,50.0,45.2,45.2,23.7,27.7,27.7,26.3,17.5,17.5,3136548.4905,237201.4796,784137.1226,1.0,1.0,1.0,106569.4123,110816.0038,108774.6436,161995.0,114115.0,114115.0,59138.0,103147.0,80250.0,337.20269676240946,102857.0,10968.0,33865.0,9,4,6,71.5063,159.3188,119.3766,224.283,37.7907,93.6077,0.3074,0.3004,0.2902,0.4088177709297699,232.6442,530.2798,411.3813,0.0,0.2391313688212928,729.6999,125.7831,322.5794,161.1379,370.961,292.0047,505.4169,87.9925,228.9717,0.6926,0.6996,0.7098,0.0,0.0
73,south_congress_james,9,7,222.28571428571428,0,0,30.25103,-97.74926,3,71.67,163.37,1168.0,0.0,4493,1168.0,1.0,5,102.78,4886.21,235.19,3.0,20,25.29,10,35.65,0,920.44,152.92,3.0,7.0,289.64,3740.3,3641.11,130.0,0.0,4156.34,0,3030.38,0.0,0.0,0,0.0,0.0,0,0.0,0.0,0,0,3455.63,0.0,0.0,0,0.0,0.0,0,0.0,0.0,0,0,4429.55,0.0,0.0,0,0.0,0.0,0,0.0,0.0,0,0.0,0.0,0,0.0,0,0,0,0.0,0.0,0.0,0.0,0.0,36.6024,35.3621,35.4371,46.5,38.0,38.0,33.3,33.3,33.3,13.2,4.7,4.7,3136548.4905,237201.4796,784137.1226,1.0,1.0,1.0,139299.5402,136253.8682,138385.5978,178274.0,166071.0,178274.0,123516.0,124453.0,124453.0,2361.734516143896,54758.0,41618.0,53821.0,10,4,5,28.1618,50.4829,48.0606,88.3309,11.9746,37.6861,0.4777,0.6659,0.6432,1.8024037725742272,58.9551,75.8129,74.7253,0.0,0.015396318493150686,184.9155,17.9829,58.5949,30.7933,25.3301,26.6647,96.5846,6.0083,20.9088,0.5223,0.3341,0.3568,0.0,0.0
39,barton_springs_azie_morton,9,15,221.86666666666667,1,0,30.261881964956064,-97.76897665654796,0,456.0,486.84,40.0,0.0,5855,40.0,1.0,9,92.62,124269.98,0.0,2.0,2,235.88,0,542.81,1,403.61,328.15,3.0,4.0,380.55,3879.48,3574.69,980.0,0.0,3601.62,0,3422.87,0.0,0.0,0,0.0,0.0,0,0.0,0.0,0,0,2911.34,0.0,0.0,0,0.0,0.0,0,0.0,0.0,0,0,4266.69,0.0,0.0,0,0.0,0.0,0,0.0,0.0,0,0.0,0.0,0,0.0,0,0,0,0.0,0.0,0.0,0.0,0.0,35.0658,37.4993,37.1361,41.0,38.4,41.0,26.9,34.4,34.4,14.1,4.0,6.6,3136548.4905,237201.4796,784137.1226,1.0,1.0,1.0,135415.7374,146236.9776,144708.9741,250001.0,213393.0,213393.0,53042.0,62031.0,62031.0,2577.130570673467,196959.0,151362.0,151362.0,11,3,5,54.4145,25.9797,25.4878,170.6737,6.1624,19.9859,0.3692,0.3734,0.3559,0.5526264126109834,147.3989,69.5812,71.6089,0.0,0.41262,462.3237,16.5048,56.1512,92.9844,43.6016,46.1211,291.6501,10.3424,36.1653,0.6308,0.6266,0.6441,0.0,0.0
69,south_congress_bouldin_creek,9,15,220.8,0,0,30.25495,-97.74755,5,45.88,99.2,1790.0,0.0,3984,1790.0,1.0,2,227.86,0.0,369.95,3.0,14,94.84,5,189.26,0,744.32,312.99,4.0,9.0,351.64,3276.07,3176.54,130.0,0.0,3718.43,0,2566.16,0.0,0.0,0,0.0,0.0,0,0.0,0.0,0,0,2993.6,0.0,0.0,0,0.0,0.0,0,0.0,0.0,0,0,3967.01,0.0,0.0,0,0.0,0.0,0,0.0,0.0,0,0.0,0.0,0,0.0,0,0,0,0.0,0.0,0.0,0.0,0.0,37.3647,34.5638,34.7821,50.0,35.8,38.0,31.6,33.3,33.3,18.4,2.5,4.7,3136548.4905,237201.4796,784137.1226,1.0,1.0,1.0,142371.8656,143408.8939,136535.2641,220134.0,166071.0,166071.0,123516.0,123889.0,123889.0,3268.7242124768372,96618.0,42182.0,42182.0,12,3,5,28.0634,53.4475,40.1693,88.0222,12.6778,31.4982,0.5832,0.7534,0.7541,3.0664135514018693,48.1187,70.9434,53.269,0.0,0.009401061452513966,150.9267,16.8279,41.7702,20.0554,17.4959,13.0997,62.9046,4.1501,10.272,0.4168,0.2466,0.2459,0.0,0.0
26,e_6th_chalmers,3,11,219.1818181818182,0,0,30.26269,-97.72438,6,179.53,188.55,1815.0,0.0,4953,1815.0,3.0,6,154.41,0.0,346.38,2.0,50,27.02,32,27.02,0,740.9,299.05,4.0,8.0,322.09,2549.51,2282.31,900.0,0.0,3623.48,0,1520.59,0.0,0.0,0,0.0,0.0,0,0.0,0.0,0,0,2528.31,0.0,0.0,0,0.0,0.0,0,0.0,0.0,0,0,2728.92,0.0,0.0,0,0.0,0.0,0,0.0,0.0,0,0.0,0.0,0,0.0,0,0,0,0.0,0.0,0.0,0.0,0.0,35.1917,32.8779,32.8583,43.5,35.9,36.7,27.7,27.7,27.7,15.8,8.2,9.0,3136548.4905,237201.4796,784137.1226,1.0,1.0,1.0,101513.5077,90328.2877,93541.2755,158286.0,134821.0,134821.0,68913.0,68913.0,68913.0,225.52103231001607,89373.0,65908.0,65908.0,11,5,6,186.1518,134.573,211.6744,583.8742,31.9209,165.9817,0.48,0.3292,0.4002,0.6671378679861911,387.7818,408.7618,528.9617,0.0,0.05342088154269972,1216.2964,96.9589,414.7785,201.63,274.1888,317.2873,632.4222,65.038,248.7967,0.52,0.6708,0.5998,0.0,0.0
32,e_8th_lavaca,9,7,215.57142857142856,0,0,30.27059,-97.74441,11,18.93,26.75,10971.0,0.0,5374,10971.0,1.0,5,162.87,6533.64,177.59,2.0,21,153.1,14,159.27,2,281.23,205.02,5.0,21.0,256.01,1557.54,1459.85,980.0,0.0,2007.14,0,944.76,0.0,0.0,0,0.0,0.0,0,3181.77,0.001,1,0,1245.66,0.0,0.0,0,0.0,0.0,0,0.0,0.0,0,0,2220.36,0.0,0.0,0,0.0,0.0,0,0.0,0.0,0,0.0,0.0,0,0.0,0,0,0,0.0,0.0,0.0,0.0,0.0,42.4312,37.1308,39.0727,55.6,45.2,50.0,31.6,31.6,31.6,24.0,13.6,18.4,3136548.4905,237201.4796,784137.1226,1.0,1.0,1.0,134150.0349,134150.6765,142275.0926,220134.0,220134.0,220134.0,37564.0,114115.0,98706.0,1645.7157930777612,182570.0,106019.0,121428.0,15,4,6,89.4892,20.2151,74.7916,280.6873,4.7951,58.6468,0.6757,0.4833,0.6784,2.1092253523659497,132.4419,41.8302,110.2508,0.0,0.0009044025157232704,415.4104,9.9222,86.4518,42.9526,21.615,35.4593,134.7231,5.1271,27.8049,0.3243,0.5167,0.3216,0.0,0.0
70,south_congress_academy,9,11,189.72727272727272,0,0,30.25226,-97.74854,2,30.09,156.78,2897.0,0.0,4493,2897.0,1.0,6,75.43,4129.33,171.62,3.0,16,98.43,6,146.92,0,864.0,152.92,3.0,9.0,289.9,3589.04,3489.2,130.0,0.0,4017.82,0,2877.89,0.0,0.0,0,0.0,0.0,0,0.0,0.0,0,0,3306.08,0.0,0.0,0,0.0,0.0,0,0.0,0.0,0,0,4279.69,0.0,0.0,0,0.0,0.0,0,0.0,0.0,0,0.0,0.0,0,0.0,0,0,0,0.0,0.0,0.0,0.0,0.0,36.7905,34.7092,34.9672,46.5,38.0,38.0,33.3,33.3,33.3,13.2,4.7,4.7,3136548.4905,237201.4796,784137.1226,1.0,1.0,1.0,140104.8048,142592.4685,141893.2662,178274.0,166071.0,166071.0,123516.0,124453.0,123889.0,2352.322447592444,54758.0,41618.0,42182.0,10,4,5,27.314,59.7509,53.6874,85.6716,14.173,42.0982,0.4937,0.7311,0.6979,2.310269890573037,55.3229,81.7246,76.9259,0.0,0.006691473938557129,173.523,19.3852,60.3205,28.0089,21.9736,23.2386,87.8514,5.2122,18.2222,0.5063,0.2689,0.3021,0.0,0.0
33,e_8th_red_river,9,11,186.9090909090909,0,0,30.26854,-97.73646,3,137.43,181.13,5207.0,309.0,2680,16.851132686084142,1.0,7,109.24,5126.39,87.67,2.0,54,21.61,43,21.61,2,278.11,199.45,4.0,17.0,266.51,1603.28,1470.31,130.0,0.0,2453.93,0,798.24,0.0,0.0,0,0.0,0.0,0,100157.55,0.0319,1,0,1432.51,0.0,0.0,0,0.0,0.0,0,0.0,0.0,0,0,2276.3,0.0,0.0,0,0.0,0.0,0,0.0,0.0,0,0.0,0.0,0,0.0,0,0,0,0.0,0.0,0.0,0.0,0.0,40.6395,45.0882,43.222,50.0,50.0,50.0,27.7,27.7,27.7,22.3,22.3,22.3,3136548.4905,237201.4796,784137.1226,1.0,1.0,1.0,121557.8634,115381.8798,119955.0198,220134.0,161995.0,161995.0,80250.0,110069.0,80250.0,719.6604556678914,139884.0,51926.0,81745.0,13,3,6,54.4682,3.9765,40.1807,170.8421,0.9432,31.5072,0.3112,0.0317,0.189,0.23308348548110755,175.0487,125.3658,212.5684,0.09623592233009708,0.005710946802381409,549.0487,29.7369,166.6828,120.5805,121.3893,172.3877,378.2067,28.7937,135.1756,0.6888,0.9683,0.811,0.0,0.0
72,south_congress_elizabeth,9,11,178.63636363636363,0,0,30.24891,-97.75019,2,38.22,148.71,1513.0,0.0,3415,1513.0,1.0,1,311.43,0.0,348.74,3.0,28,41.36,12,51.14,0,1030.08,251.43,3.0,5.0,368.38,3991.55,3892.53,130.0,0.0,4395.48,0,3281.68,0.0,0.0,0,0.0,0.0,0,0.0,0.0,0,0,3705.9,0.0,0.0,0,0.0,0.0,0,0.0,0.0,0,0,4680.0,0.0,0.0,0,0.0,0.0,0,0.0,0.0,0,0.0,0.0,0,0.0,0,0,0,0.0,0.0,0.0,0.0,0.0,36.6328,36.6805,36.2238,46.5,38.0,38.0,30.5,33.3,33.3,16.0,4.7,4.7,3136548.4905,237201.4796,784137.1226,1.0,1.0,1.0,136679.1498,127156.3138,132680.8603,178274.0,166071.0,178274.0,63095.0,124453.0,124453.0,2338.1823745755155,115179.0,41618.0,53821.0,10,4,5,29.0119,33.8465,38.5752,90.9971,8.0284,30.2483,0.4707,0.4835,0.5331,1.1415745178699475,61.6392,70.0079,72.3665,0.0,0.010975545274289492,193.3344,16.606,56.7453,32.6274,36.1614,33.7913,102.3373,8.5775,26.497,0.5293,0.5165,0.4669,0.0,0.0
53,e_6th_chicon,3,11,171.63636363636363,0,0,30.259718,-97.723198,4,36.64,83.71,735.0,0.0,4684,735.0,2.0,10,50.06,19096.83,8.68,2.0,12,164.26,11,212.87,0,772.98,53.89,3.0,7.0,297.3,2894.26,2630.2,900.0,0.0,3954.94,0,1865.72,0.0,0.0,0,0.0,0.0,0,0.0,0.0,0,0,2863.3,0.0,0.0,0,0.0,0.0,0,0.0,0.0,0,0,3067.61,0.0,0.0,0,0.0,0.0,0,0.0,0.0,0,0.0,0.0,0,0.0,0,0,0,0.0,0.0,0.0,0.0,0.0,36.0513,35.5864,36.0422,43.5,35.9,43.5,27.7,35.0,27.7,15.8,0.9,15.8,3136548.4905,237201.4796,784137.1226,1.0,1.0,1.0,100431.2438,79291.2741,88774.9172,158286.0,82009.0,134821.0,68913.0,68913.0,68913.0,473.8468188315521,89373.0,13096.0,65908.0,13,3,7,163.6499,64.0295,122.2543,513.2959,15.1879,95.8642,0.4954,0.5085,0.5117,1.047865665703305,330.3427,125.92,238.9242,0.0,0.04063727891156463,1036.1359,29.8684,187.3494,166.6928,61.8905,116.6699,522.84,14.6805,91.4852,0.5046,0.4915,0.4883,0.0,0.0
47,e_2nd_pedernales,3,11,162.0909090909091,0,0,30.25542,-97.71665,2,111.9,209.18,197.0,966.0,3415,0.2039337474120083,3.0,3,192.84,0.0,337.27,2.0,11,125.58,6,175.34,1,322.05,431.84,1.0,4.0,620.75,3620.78,3333.41,900.0,0.0,4717.0,0,2595.73,0.0,0.0,0,0.0,0.0,0,0.0,0.0,0,0,3619.74,0.0,0.0,0,0.0,0.0,0,0.0,0.0,0,0,3654.92,0.0,0.0,0,0.0,0.0,0,0.0,0.0,0,0.0,0.0,0,0.0,0,0,0,0.0,0.0,0.0,0.0,0.0,36.0735,37.7558,37.7887,43.5,43.3,43.3,26.8,35.9,35.0,16.7,7.4,8.3,3136548.4905,237201.4796,784137.1226,1.0,1.0,1.0,92523.8571,91661.6711,90414.9765,158286.0,120500.0,120500.0,48519.0,82009.0,68913.0,869.2544157347445,109767.0,38491.0,51587.0,13,2,4,110.6168,90.32,71.7624,346.9548,21.424,56.2716,0.5811,0.5133,0.541,1.178640548941411,190.3422,175.9595,132.6482,0.04320683229813665,0.21186700507614215,597.0176,41.7378,104.0144,79.7254,85.6395,60.8858,250.0627,20.3138,47.7428,0.4189,0.4867,0.459,0.0,0.0
6,e_13th_trinity_waterloo_greenway,9,11,154.0909090909091,0,0,30.2741,-97.73666,3,161.21,165.82,1016.0,0.0,1697,1016.0,1.0,2,281.42,43034.58,5.24,3.0,3,66.36,1,266.39,0,477.27,153.45,4.0,14.0,296.83,986.8,855.77,130.0,0.0,1906.43,0,215.0,12550.56,0.0529,1,120478.81,0.1536,1,546295.7,0.1742,1,0,837.14,0.0,0.0,0,0.0,0.0,0,21564.84,0.0069,1,0,1702.83,0.0,0.0,0,0.0,0.0,0,0.0,0.0,0,0.0,0.0,0,0.0,0,0,0,0.0,0.0,0.0,0.0,0.0,39.4379,44.526,44.4887,50.0,45.2,45.2,19.4,44.4,36.7,30.6,0.8,8.5,3136548.4905,237201.4796,784137.1226,1.0,1.0,1.0,101896.3015,101131.9648,102945.3364,220134.0,114115.0,130194.0,10625.0,98706.0,98706.0,898.753094050762,209509.0,15409.0,31488.0,13,2,5,63.955,75.1527,64.1675,200.5981,17.8263,50.3161,0.0895,0.4905,0.4393,0.7834189420844733,714.7104,153.2165,146.0745,0.0,0.035770866141732284,2241.7239,36.3432,114.5424,650.7554,78.0638,81.907,2041.1259,18.5169,64.2263,0.9105,0.5095,0.5607,0.0,0.0
30,w_6th_west,9,15,152.4,0,0,30.27041,-97.75046,5,10.81,111.07,4888.0,1500.0,7206,3.2586666666666666,1.0,6,146.39,16300.6,73.89,2.0,39,15.27,36,15.27,0,617.75,273.99,4.0,15.0,294.57,1915.73,1692.45,980.0,0.0,2025.08,0,1442.48,0.0,0.0,0,0.0,0.0,0,0.0,0.0,0,0,1437.33,0.0,0.0,0,0.0,0.0,0,0.0,0.0,0,0,2490.34,0.0,0.0,0,0.0,0.0,0,0.0,0.0,0,0.0,0.0,0,0.0,0,0,0,0.0,0.0,0.0,0.0,0.0,40.0125,41.456,40.1809,55.6,55.6,55.6,31.6,37.1,31.6,24.0,18.5,24.0,3136548.4905,237201.4796,784137.1226,1.0,1.0,1.0,139768.9979,154149.3789,148222.1237,220134.0,195117.0,220134.0,37564.0,120469.0,37564.0,842.1477112284942,182570.0,74648.0,182570.0,15,4,8,112.6862,301.7232,217.3525,353.4459,71.5692,170.4342,0.8699,0.9754,0.9683,30.594754698691364,129.5327,309.3207,224.4568,0.048914200000000005,0.015010495090016368,406.2856,73.3713,176.0049,16.8465,7.5975,7.1043,52.8398,1.8021,5.5707,0.1301,0.0246,0.0317,0.0,0.0
1,e_10th_red_river,9,15,149.26666666666668,0,0,30.27024,-97.73578,2,99.85,167.52,3019.0,309.0,3495,9.770226537216828,1.0,4,112.33,11984.83,15.12,2.0,17,63.15,14,73.1,1,316.0,199.45,6.0,15.0,279.35,1418.02,1281.4,130.0,0.0,2316.64,0,598.91,0.0,0.0,0,0.0,0.0,0,205883.54,0.0656,1,0,1268.53,0.0,0.0,0,0.0,0.0,0,0.0,0.0,0,0,2077.8,0.0,0.0,0,0.0,0.0,0,0.0,0.0,0,0.0,0.0,0,0.0,0,0,0,0.0,0.0,0.0,0.0,0.0,40.812,44.8534,42.3778,50.0,45.2,50.0,27.7,27.7,27.7,22.3,17.5,22.3,3136548.4905,237201.4796,784137.1226,1.0,1.0,1.0,115954.917,113672.8738,111142.1146,220134.0,114115.0,161995.0,80250.0,98706.0,80250.0,621.7438065951475,139884.0,15409.0,81745.0,10,4,7,58.5682,7.4296,55.1022,183.7021,1.7623,43.2077,0.3192,0.0561,0.2417,0.3187560401620055,183.4938,132.5047,227.9687,0.10171618122977345,0.0104108314011262,575.5372,31.4303,178.7587,124.9256,125.0751,172.8664,391.8351,29.668,135.551,0.6808,0.9439,0.7583,0.0,0.0
48,e_4th_chicon,3,19,141.73684210526315,0,0,30.25987,-97.72373,4,41.89,85.27,1351.0,0.0,4314,1351.0,2.0,10,79.45,16667.15,40.24,2.0,12,166.81,10,209.08,0,792.87,53.89,3.0,7.0,270.16,2856.32,2595.64,900.0,0.0,3911.22,0,1828.41,0.0,0.0,0,0.0,0.0,0,0.0,0.0,0,0,2820.88,0.0,0.0,0,0.0,0.0,0,0.0,0.0,0,0,3045.7,0.0,0.0,0,0.0,0.0,0,0.0,0.0,0,0.0,0.0,0,0.0,0,0,0,0.0,0.0,0.0,0.0,0.0,36.0198,35.574,36.0051,43.5,35.9,43.5,27.7,35.0,27.7,15.8,0.9,15.8,3136548.4905,237201.4796,784137.1226,1.0,1.0,1.0,100515.6697,79616.8316,88893.3487,158286.0,82009.0,134821.0,68913.0,68913.0,68913.0,503.7041097737809,89373.0,13096.0,65908.0,13,3,7,159.6799,57.4392,110.2098,500.8438,13.6247,86.4196,0.487,0.5024,0.4897,0.9595812555449329,327.877,114.3201,225.0618,0.0,0.020071724648408586,1028.402,27.1169,176.4793,168.1971,56.8808,114.852,527.5582,13.4922,90.0597,0.513,0.4976,0.5103,0.0,0.0
3,e_11th_salina,1,11,121.0909090909091,0,0,30.26638,-97.7214,5,84.51,133.92,308.0,0.0,4296,308.0,2.0,3,144.35,2615.19,103.3,2.0,2,240.05,1,308.64,0,641.8,393.89,2.0,7.0,543.23,2365.16,2058.64,900.0,0.0,3509.15,0,1367.21,0.0,0.0,0,0.0,0.0,0,0.0,0.0,0,0,2413.43,0.0,0.0,0,0.0,0.0,0,0.0,0.0,0,0,2365.8,0.0,0.0,0,0.0,0.0,0,0.0,0.0,0,0.0,0.0,0,0.0,0,0,0,0.0,0.0,0.0,0.0,0.0,33.9899,32.1451,32.7499,38.7,36.7,36.7,27.7,27.7,27.7,11.0,9.0,9.0,3136548.4905,237201.4796,784137.1226,1.0,1.0,1.0,104682.339,109771.4177,109945.0213,158286.0,134821.0,134821.0,67875.0,90777.0,68913.0,202.409176482284,90411.0,44044.0,65908.0,11,4,6,215.9968,259.7179,340.3819,677.4846,61.6055,266.9061,0.5243,0.4119,0.4914,0.9660853516358104,411.9973,630.5481,692.7131,0.0,0.48560681818181817,1292.2495,149.5669,543.182,196.0004,370.8301,352.3311,614.7649,87.9615,276.2759,0.4757,0.5881,0.5086,0.0,0.0
61,one_texas_center,9,15,113.53333333333332,0,0,30.257653,-97.74898,9,117.71,129.45,257.0,0.0,4549,257.0,1.0,3,235.15,14549.49,159.06,3.0,9,161.49,2,213.67,0,567.35,204.84,4.0,11.0,280.01,3043.43,2953.26,130.0,0.0,3421.81,0,2357.62,0.0,0.0,0,0.0,0.0,0,0.0,0.0,0,0,2745.06,0.0,0.0,0,0.0,0.0,0,0.0,0.0,0,0,3719.48,0.0,0.0,0,0.0,0.0,0,0.0,0.0,0,0.0,0.0,0,0.0,0,0,0,0.0,0.0,0.0,0.0,0.0,36.7664,35.6766,35.3773,50.0,35.8,35.8,31.5,33.3,33.3,18.5,2.5,2.5,3136548.4905,237201.4796,784137.1226,1.0,1.0,1.0,145306.1699,125702.5622,128237.6898,220134.0,166071.0,178274.0,123889.0,123889.0,123889.0,4957.559595006785,96245.0,42182.0,54385.0,15,3,4,36.256,23.5924,25.4206,113.7186,5.5962,19.9332,0.6976,0.7825,0.7706,3.359207266721717,51.9716,30.1519,32.9879,0.0,0.027829182879377433,163.0114,7.1521,25.8671,15.7156,6.5595,7.5674,49.2928,1.5559,5.9339,0.3024,0.2175,0.2294,0.0,0.0
67,rosewood_angelina,1,11,104.8181818181818,0,0,30.26888,-97.72431,3,18.2,100.17,141.0,639.0,4813,0.22065727699530516,2.0,13,96.0,42788.39,15.62,2.0,10,30.32,5,30.32,1,340.85,393.89,2.0,6.0,471.93,1974.26,1673.46,900.0,0.0,3115.27,0,973.51,0.0,0.0,0,0.0,0.0,0,840.65,0.0003,1,0,2019.85,0.0,0.0,0,0.0,0.0,0,0.0,0.0,0,0,2046.54,0.0,0.0,0,0.0,0.0,0,0.0,0.0,0,0.0,0.0,0,0.0,0,0,0,0.0,0.0,0.0,0.0,0.0,34.6747,35.1808,33.854,45.2,36.7,37.8,27.7,27.7,27.7,17.5,9.0,10.1,3136548.4905,237201.4796,784137.1226,1.0,1.0,1.0,102747.7442,111261.7672,110639.7848,134821.0,111504.0,111504.0,67875.0,110069.0,90777.0,392.4729918887338,66946.0,1435.0,20727.0,12,2,4,179.0689,83.223,119.9917,561.6583,19.7406,94.09,0.4726,0.3772,0.3338,0.5009738347792659,378.8956,220.6327,359.5088,0.08190046948356808,0.3711659574468085,1188.4244,52.3344,281.9042,199.8267,137.4097,239.5171,626.7661,32.5938,187.8142,0.5274,0.6228,0.6662,0.0,0.0
4,e_11th_san_jacinto,9,11,100.54545454545456,0,0,30.27193,-97.73854,3,38.41,117.6,15006.0,309.0,3309,48.56310679611651,3.0,4,112.44,6833.84,193.84,3.0,3,162.16,1,298.22,1,301.78,179.04,7.0,15.0,250.96,1238.32,1120.88,130.0,0.0,2028.69,0,498.1,0.0,0.0,0,44.03,0.0001,1,252409.64,0.0805,1,0,1026.8,0.0,0.0,0,0.0,0.0,0,0.0,0.0,0,0,1955.56,0.0,0.0,0,0.0,0.0,0,0.0,0.0,0,0.0,0.0,0,0.0,0,0,0,0.0,0.0,0.0,0.0,0.0,41.5891,44.9162,44.0486,50.0,45.2,45.2,19.4,37.1,37.1,30.6,8.1,8.1,3136548.4905,237201.4796,784137.1226,1.0,1.0,1.0,118773.5521,109247.6102,109744.3638,220134.0,130194.0,130194.0,10625.0,98706.0,98706.0,1122.3290397994738,209509.0,31488.0,31488.0,13,3,3,62.4424,28.5666,36.9302,195.8537,6.776,28.9583,0.3003,0.2215,0.2961,0.42075630154421984,207.9456,128.994,124.7011,0.09902135922330096,0.0020390243902439023,652.2314,30.5976,97.7827,145.5032,100.4274,87.7709,456.3777,23.8215,68.8244,0.6997,0.7785,0.7039,0.0,0.0
5,e_12th_san_jacinto_state_cap_visitors_garage,9,11,99.36363636363636,0,0,30.273499,-97.738097,4,126.36,134.63,1688.0,0.0,2622,1688.0,2.0,2,169.36,31006.63,116.57,2.0,4,170.21,1,308.13,1,405.39,153.45,4.0,14.0,217.86,1060.46,941.88,130.0,0.0,1892.71,0,319.44,0.0,0.0,0,46603.79,0.0594,1,433756.48,0.1383,1,0,861.89,0.0,0.0,0,0.0,0.0,0,17791.45,0.0057,1,0,1778.91,0.0,0.0,0,0.0,0.0,0,0.0,0.0,0,0.0,0.0,0,0.0,0,0,0,0.0,0.0,0.0,0.0,0.0,40.4527,44.6247,44.251,50.0,45.2,45.2,19.4,44.4,37.1,30.6,0.8,8.1,3136548.4905,237201.4796,784137.1226,1.0,1.0,1.0,108432.2941,103033.115,105517.4422,220134.0,114115.0,130194.0,10625.0,98706.0,98706.0,970.9163585705321,209509.0,15409.0,31488.0,14,2,3,60.2742,64.1478,56.0903,189.0531,15.216,43.9825,0.1088,0.4347,0.4047,0.6798365270025674,553.7841,147.5652,138.5959,0.0,0.020736196682464455,1736.9708,35.0027,108.6782,493.5099,83.4174,82.5056,1547.9177,19.7867,64.6957,0.8912,0.5653,0.5953,0.0,0.0
34,e_8th_trinity,9,15,95.66666666666669,0,0,30.26895625697814,-97.7386856328997,6,20.39,57.42,21083.0,309.0,3309,68.22977346278317,1.0,4,196.83,0.0,302.6,3.0,71,136.34,61,136.34,2,274.52,219.03,7.0,19.0,284.02,1567.11,1446.76,130.0,0.0,2326.13,0,817.2,0.0,0.0,0,0.0,0.0,0,81326.8,0.0259,1,0,1353.22,0.0,0.0,0,0.0,0.0,0,0.0,0.0,0,0,2285.2,0.0,0.0,0,0.0,0.0,0,0.0,0.0,0,0.0,0.0,0,0.0,0,0,0,0.0,0.0,0.0,0.0,0.0,41.3097,45.4722,45.2584,50.0,50.0,50.0,27.7,45.2,27.7,22.3,4.8,22.3,3136548.4905,237201.4796,784137.1226,1.0,1.0,1.0,127187.6824,116830.6403,126493.0857,220134.0,161995.0,220134.0,80250.0,114115.0,80250.0,1596.681317807441,139884.0,47880.0,139884.0,13,2,7,67.3241,0.0,7.9095,211.1654,0.0,6.2021,0.4048,0.0,0.0783,0.08493653828245258,166.3153,110.8035,101.0314,0.08505728155339805,0.0012466299862448418,521.6561,26.2827,79.2225,98.9912,110.8035,93.1219,310.4906,26.2827,73.0204,0.5952,1.0,0.9217,0.0,0.0
46,e_11th_waller,1,11,84.63636363636364,0,0,30.26899800040119,-97.72843433423913,3,72.9,93.4,501.0,0.0,3865,501.0,2.0,3,198.27,921.53,246.09,3.0,14,45.84,5,65.62,2,272.17,234.34,2.0,10.0,404.45,1749.17,1489.76,900.0,0.0,2834.7,0,720.45,0.0,0.0,0,0.0,0.0,0,72409.58,0.0231,1,0,1736.27,0.0,0.0,0,0.0,0.0,0,0.0,0.0,0,0,2028.21,0.0,0.0,0,0.0,0.0,0,0.0,0.0,0,0.0,0.0,0,0.0,0,0,0,0.0,0.0,0.0,0.0,0.0,36.7552,32.402,32.7472,50.0,36.7,45.2,27.7,27.7,27.7,22.3,9.0,17.5,3136548.4905,237201.4796,784137.1226,1.0,1.0,1.0,104235.225,110818.7125,109408.2793,161995.0,111504.0,114115.0,67875.0,110069.0,80250.0,283.5302370926408,94120.0,1435.0,33865.0,11,2,5,95.3115,158.0348,148.4587,298.949,37.4861,116.4119,0.3529,0.3061,0.3017,0.4320083216188414,270.059,516.3631,492.1062,0.0,0.244475249500998,847.0532,122.4821,385.8787,174.7476,358.3283,343.6475,548.1042,84.996,269.4668,0.6471,0.6939,0.6983,0.0,0.0
