name,docks,bikeable_infrastructure,trips,lat,lon,trips_per_dock,nearest_dining_hall_m,nearest_amenity_m,nearest_park_m,count_amenities_275m,avg_dist_3_amenities_m,park_area_within_275m,park_area_within_550m,age,income,population,undergrad,grad,undergrad_percentage,grad_percentage,north_campus_area_within_275m,north_campus_area_within_550m,west_campus_area_within_275m,west_campus_area_within_550m,west_campus_area_within_825m,distance_to_ut_m,distance_to_west_campus_m,jobs_count_within_275m,jobs_count_within_550m,nearest_retail_m,count_retail_275m,count_retail_550m,avg_dist_3_retail_m
barton_springs_pool,11,2.0,3613,30.2645,-97.771359,328.45454545454544,3903.249200521708,48.26819194418196,0.0,4,142.8714523701296,234168.3086871573,743414.1432924796,34.4,62031.0,869.0,25.0,25.0,0.0287686996547756,0.0287686996547756,0.0,0.0,0.0,0.0,0.0,3427.165042878604,2820.582363094466,1,6,104.7378749632216,3,8,148.1932706100324
barton_springs_bouldin_at_palmer_auditorium,15,3.0,5037,30.25966,-97.753445,335.8,3047.3835877146603,201.12366467634308,4.855305320165165,3,219.20708053595013,114251.69965427493,332825.0294943096,35.8,124453.0,1245.0,7.0,26.0,0.0056224899598393,0.0208835341365461,0.0,0.0,0.0,0.0,0.0,2421.175062407662,2660.7962540752865,4,13,109.67426070296668,6,18,144.4504984850422
barton_springs_kinney,11,3.0,2774,30.261928,-97.761131,252.1818181818182,3307.996950590052,99.76573751421584,271.38915354077795,11,113.98483407087494,194.525127809501,216223.5215870312,35.3,148333.0,1469.0,0.0,51.0,0.0,0.034717494894486,0.0,0.0,0.0,0.0,0.0,2807.2874082350395,2562.7464109239377,6,20,24.118738747793397,22,40,55.54168313423013
cesar_chavez_congress,11,3.0,3695,30.263344,-97.745094,335.90909090909093,2325.9156665688874,90.33029986958014,0.0,8,94.44683943482585,21829.559363945424,105804.9077199874,37.0,155363.0,758.0,0.0,31.0,0.0,0.0408970976253298,0.0,0.0,0.0,0.0,0.0,1624.7639523634143,2033.7293179219048,7,35,74.880254066336,48,165,107.64289096632436
dean_keeton_park_place,15,3.0,4333,30.28931,-97.733037,288.8666666666667,661.1404201267859,103.69653474356258,17.800355865538982,5,142.26492281602188,30366.15126224547,38498.21735663357,23.7,59138.0,865.0,421.0,98.0,0.4867052023121387,0.1132947976878612,120455.05360384582,461330.1302479703,0.0,0.0,2178.20729658404,5.440608778068863,812.6156085893005,4,16,267.70633853292134,1,19,284.88793991994464
dean_keeton_robert_dedman_dr,11,3.0,3476,30.28785,-97.728541,316.0,959.8451320773866,183.67845225609312,274.2696153768364,4,215.14706814037143,0.3789157602378248,38498.21735663357,23.7,59138.0,865.0,421.0,98.0,0.4867052023121387,0.1132947976878612,77501.0647629435,259739.1095180291,0.0,0.0,0.0,0.0,1159.334265700336,5,19,58.08851129609195,7,15,132.11050365093024
dean_keeton_speedway,23,3.0,33342,30.28951,-97.736535,1449.6521739130435,330.9489922717962,168.95117564802473,327.6992699993195,1,283.99905897650586,0.0,28419.29763058712,19.4,10625.0,8288.0,8191.0,89.0,0.988296332046332,0.0107384169884169,70097.74784530554,357924.07542619994,0.0,27613.72694958897,319717.42155933654,0.0,475.4350068747745,1,19,230.80585820131947,2,26,259.60508239575137
dean_keeton_whitis,19,3.0,23152,30.289822,-97.740468,1218.5263157894738,101.21577131480836,188.48389709160145,458.3516920574011,5,204.3734961554971,0.0,8517.836663472077,19.4,10625.0,8288.0,8191.0,89.0,0.988296332046332,0.0107384169884169,10210.362470364416,210093.29996027265,67081.19866559499,354328.1575549054,875174.6301599732,0.0,95.71471189131935,8,33,111.49668332362788,18,47,113.32516811870613
e_10th_red_river,15,2.0,2239,30.270155,-97.735364,149.26666666666668,1435.375000348106,59.76108066734926,8.586582389103596,4,102.3054280103505,11630.955274196807,54789.38133149058,45.2,114115.0,906.0,60.0,0.0,0.0662251655629139,0.0,0.0,0.0,0.0,0.0,0.0,596.1309319508719,1290.3562993408973,11,46,61.92404058208631,17,97,77.9080206950184
e_11th_salina,11,2.0,1332,30.266422,-97.721623,121.0909090909091,2351.22315642002,85.83062981048752,124.59275847322056,3,150.94598392047013,2615.1902020661487,64144.91868597175,27.7,110069.0,1531.0,409.0,159.0,0.2671456564337034,0.1038536903984324,0.0,0.0,0.0,0.0,0.0,1348.422758791782,2394.515521859896,7,25,168.74185971247508,2,48,242.00303153499846
e_11th_san_jacinto,11,3.0,1106,30.271838,-97.738019,100.54545454545456,1246.773768755235,35.68660294173244,166.67502122725932,4,126.7881330490554,16532.49890901341,53119.15656872388,45.2,114115.0,906.0,60.0,0.0,0.0662251655629139,0.0,0.0,0.0,0.0,0.0,0.0,493.0840338731044,1044.2543922591385,11,41,151.35896318084477,5,97,186.3484256168647
e_11th_san_marcos,11,2.0,2631,30.269669,-97.730623,239.1818181818182,1597.5051565370245,96.41335510199788,145.95013928580414,8,109.45019476720576,4550.508309909454,18944.579630028347,27.7,110069.0,1531.0,409.0,159.0,0.2671456564337034,0.1038536903984324,0.0,0.0,0.0,0.0,0.0,581.4015451000312,1549.7295422963873,11,43,24.853298133406962,9,38,86.1257737879797
e_11th_waller,11,3.0,931,30.26899897139031,-97.72842914529063,84.63636363636364,1753.1496753946722,134.06810344027076,246.2463208699402,3,198.5996800465297,911.1499288720418,33137.2552178422,36.7,111504.0,1213.0,11.0,28.0,0.009068425391591,0.0230832646331409,0.0,0.0,0.0,0.0,0.0,720.5728693461897,1736.5063984214205,12,37,37.68765737017118,14,39,46.115768484542485
e_12th_san_jacinto_at_state_cap_visitors_garage,11,2.0,1093,30.273499,-97.738097,99.36363636363636,1063.8469042212748,51.01369029611407,116.56863998518276,2,169.7597603549441,31006.633285807224,52878.811545099925,44.4,98706.0,1175.0,115.0,144.0,0.0978723404255319,0.1225531914893617,0.0,0.0,0.0,0.0,0.0,319.43748861875474,861.8926429548856,7,35,148.56227623039717,4,29,170.1245179310084
e_13th_trinity_at_waterloo_greenway,11,3.0,1695,30.274063,-97.736657,154.0909090909091,994.1389629856684,172.20349005334165,3.7141097578555886,2,281.6450447562247,43204.723288696536,52673.732976750136,44.4,98706.0,1175.0,115.0,144.0,0.0978723404255319,0.1225531914893617,0.0,0.0,0.0,0.0,0.0,218.83222582708305,841.0596758046829,5,30,17.085123602482778,3,16,67.08163755907437
e_21st_speedway_at_pcl,17,3.0,43851,30.282894,-97.737349,2579.470588235294,52.16455988508326,80.8703222694117,822.3839451210862,12,115.08054601232315,0.0,0.0,19.4,10625.0,8288.0,8191.0,89.0,0.988296332046332,0.0107384169884169,0.0,0.0,9318.174227669142,94190.873050536,284903.30474267167,0.0,218.23268325779807,2,26,19.006548897351074,7,42,37.40324319631873
e_23rd_san_jacinto_at_dkr_stadium,23,3.0,10557,30.2855,-97.733492,459.0,422.5406757632732,73.04057760582802,439.1279825434463,5,128.52432326947672,0.0,12069.586083886126,23.7,59138.0,865.0,421.0,98.0,0.4867052023121387,0.1132947976878612,0.0,67069.17043865107,0.0,0.0,50125.632696547735,0.0,619.7830981887375,3,9,134.9610336606917,8,19,147.74519057749802
e_2nd_congress,15,3.0,6400,30.264095,-97.743535,426.6666666666667,2199.1394906687588,19.53325559153915,155.63440261627483,11,79.6944541027963,15770.113568336748,72361.6862916309,50.0,161995.0,1285.0,21.0,0.0,0.0163424124513618,0.0,0.0,0.0,0.0,0.0,0.0,1483.0163609790795,1920.0275176645675,12,40,49.786665493372105,67,220,51.405707477347086
e_2nd_pedernales,11,2.0,1783,30.255424,-97.716667,162.0909090909091,3626.144127925477,130.26851638739657,337.072463651946,3,192.17560104453136,0.0,51182.75462541037,35.9,82009.0,1821.0,60.0,54.0,0.0329489291598023,0.029654036243822,0.0,0.0,0.0,0.0,0.0,2594.4479668713093,3618.38451420388,7,33,77.51120081930893,10,30,125.74790318987857
e_4th_chicon,19,2.0,2693,30.259718,-97.723198,141.73684210526315,2900.735120958808,46.123065757110574,8.67502348568039,10,50.216367561993,19096.83232117321,25252.68189236524,35.9,82009.0,1821.0,60.0,54.0,0.0329489291598023,0.029654036243822,0.0,0.0,0.0,0.0,0.0,1865.723819692503,2863.300704958456,8,35,76.85511634134951,12,73,164.54924775175814
e_5th_broadway,15,3.0,3593,30.256297,-97.710115,239.53333333333333,3923.543065137528,144.06988343403395,459.2506189833703,3,160.488402108433,0.0,1881.8442156618785,35.0,68913.0,1763.0,0.0,54.0,0.0,0.0306296086216676,0.0,0.0,0.0,0.0,0.0,2924.5500882285114,3970.068510623222,7,25,46.95769765679017,5,38,110.94315261107491
e_6th_chalmers,11,2.0,2411,30.262684,-97.724284,219.1818181818182,2559.9313872323755,117.57982719376903,343.2484806586985,6,158.99036404771925,0.0,23561.62401951549,35.5,80250.0,1920.0,29.0,27.0,0.0151041666666666,0.0140625,0.0,0.0,0.0,0.0,0.0,1525.5144032603475,2534.296672244426,6,33,13.207312343986118,50,81,23.729966167643454
e_6th_chicon,11,2.0,1888,30.26125588077636,-97.72132623864783,171.63636363636363,2839.102043965648,50.97904567093549,233.2739080845465,3,155.8564677042569,5372.320549489454,24271.12714097663,35.0,68913.0,1763.0,0.0,54.0,0.0,0.0306296086216676,0.0,0.0,0.0,0.0,0.0,1807.9247612713043,2833.4735376887274,6,33,26.598400197253014,20,64,42.991916738144454
e_6th_medina,11,4.0,6294,30.264582,-97.73165,572.1818181818181,2107.52333526404,52.60900320683158,413.3991927517028,10,85.13590093883364,0.0,10889.479196082702,35.5,80250.0,1920.0,29.0,27.0,0.0151041666666666,0.0140625,0.0,0.0,0.0,0.0,0.0,1134.8022232117935,1996.2903295673616,18,51,8.889191496066495,38,88,30.070395941683458
e_6th_pedernales,11,2.0,3797,30.258999,-97.714794,345.1818181818182,3405.4744056696254,158.71729396756754,355.29305190094726,1,260.3660011447163,0.0,45775.269515313965,35.0,68913.0,1763.0,0.0,54.0,0.0,0.0306296086216676,0.0,0.0,0.0,0.0,0.0,2395.9152014121914,3439.338059591222,7,34,29.353351526947474,8,36,53.09217886176473
e_8th_lavaca,7,2.0,1509,30.270522,-97.744618,215.57142857142856,1576.9962097254645,76.97399048146696,175.41017016250996,3,173.6880787798452,6629.209945258271,15347.134506828965,37.1,130194.0,717.0,12.0,12.0,0.0167364016736401,0.0167364016736401,0.0,0.0,0.0,0.0,0.0,964.7711914969972,1259.0896407540054,19,62,133.84810963646953,14,152,157.40355465714123
e_8th_red_river,11,2.0,2056,30.26855,-97.736492,186.9090909090909,1607.3412330868475,72.01417008808527,90.55880721344296,7,109.85756407299873,5101.335443123479,35106.00143631192,45.2,114115.0,906.0,60.0,0.0,0.0662251655629139,0.0,0.0,0.0,0.0,0.0,0.0,798.086151038304,1430.7317782106345,14,52,16.00804500286719,54,142,20.852404394612588
electric_drive_at_pfluger_ped_bridge,19,3.0,7777,30.267064,-97.75482,409.3157894736842,2475.775868421997,47.800709692657854,1.322700979078397,8,115.94707755409247,42624.81219553599,280364.91357571475,38.0,159952.0,3126.0,0.0,32.0,0.0,0.0102367242482405,0.0,0.0,0.0,0.0,0.0,1988.762145880444,1859.8909831199207,5,23,37.326614358564896,13,71,98.19925429424357
guadalupe_west_mall_at_university_co-op,15,3.0,18674,30.285664,-97.741792,1244.9333333333334,560.269547769122,107.06772031188588,849.8285094476183,14,127.72259417283102,0.0,0.0,20.4,20509.0,2996.0,2796.0,39.0,0.9332443257676902,0.0130173564753004,0.0,0.0,128010.37809044772,488634.8263176639,865785.7430078431,10.539229273078949,0.0,9,40,24.829217852477104,26,70,27.433032148202567
hollow_creek_barton_hills,11,2.0,3047,30.261617,-97.772596,277.0,4178.483417426733,59.86391848229805,50.61195895062356,7,96.16254343604864,82733.12955177741,405916.4422566361,36.9,92763.0,1880.0,12.0,19.0,0.0063829787234042,0.0101063829787234,0.0,0.0,0.0,0.0,0.0,3711.555076340072,3141.9081328467737,2,10,236.3883211085775,2,4,274.05300178153675
lake_austin_blvd_deep_eddy,11,3.0,4057,30.278107,-97.772695,368.8181818181818,3448.3631181898645,183.00359956570813,53.38413471866708,2,286.6316473613305,35318.49343678477,131423.93783202168,29.2,37961.0,1097.0,307.0,437.0,0.2798541476754785,0.398359161349134,0.0,0.0,0.0,0.0,0.0,2983.253624838987,2051.3131253964657,7,17,36.65890248246643,7,9,40.379747838874806
lakeshore_lady_bird_ln,11,3.0,5218,30.2447276628392,-97.72285895003382,474.3636363636364,4462.115419621767,223.99453502112505,14.156626771414114,2,264.1320632441433,27421.826226097022,192658.4452441778,29.9,83694.0,1335.0,36.0,0.0,0.0269662921348314,0.0,0.0,0.0,0.0,0.0,0.0,3443.559896416798,4352.917076290964,2,9,69.36207871045514,1,14,359.4551508145395
lakeshore_pleasant_valley,15,3.0,6726,30.242667,-97.717651,448.4,4848.164468895796,188.3747857285196,8.836873829532836,6,202.362910922222,97974.57595677437,258087.5497797048,29.9,83694.0,1335.0,36.0,0.0,0.0269662921348314,0.0,0.0,0.0,0.0,0.0,0.0,3813.597124584856,4767.935494956431,0,3,361.98783718065425,0,4,408.5380064606562
nash_hernandez_east_at_rbj_south,11,4.0,6263,30.252056,-97.734532,569.3636363636364,3448.0813472263194,105.85670255129104,7.990222806419371,1,226.1373300215647,76543.35975977912,205509.69881690628,36.0,106250.0,592.0,0.0,0.0,0.0,0.0,0.0,0.0,0.0,0.0,0.0,2537.0531643490995,3262.140582079868,3,12,259.4421603055211,1,5,325.03698575765304
one_texas_center,15,3.0,1703,30.257653,-97.74898,113.53333333333332,3051.129758454727,211.3408403448419,159.06311238248108,3,235.39805767854173,14549.49105556255,131245.1278641172,35.8,124453.0,1245.0,7.0,26.0,0.0056224899598393,0.0208835341365461,0.0,0.0,0.0,0.0,0.0,2357.6159895487344,2745.0635779369422,3,11,151.53477421012153,9,28,161.4975381363351
plaza_saltillo,15,3.0,7542,30.262116,-97.72741,502.8,2492.0044417724293,51.14922519675374,150.56527519323478,7,91.21403739310404,3929.466809238911,8771.50097090922,35.5,80250.0,1920.0,29.0,27.0,0.0151041666666666,0.0140625,0.0,0.0,0.0,0.0,0.0,1469.0536902649144,2423.418858989646,13,41,52.08475313283485,49,98,58.02552372065219
rainey_cummings,19,3.0,15205,30.255942,-97.739899,800.2631578947369,3023.495517580596,34.433029771095214,0.0,6,68.6577267981184,43957.79830491936,126397.23324458476,46.2,166721.0,2844.0,0.0,0.0,0.0,0.0,0.0,0.0,0.0,0.0,0.0,2230.0310541003537,2790.8746596379547,2,11,40.785900280028144,7,34,77.21398116814103
rainey_driskill,11,2.0,4889,30.26081,-97.738075,444.45454545454544,2470.6363078241266,87.22897822912753,170.40941526024525,9,96.89130644022632,26023.780711211177,100280.25988833194,46.2,166721.0,2844.0,0.0,0.0,0.0,0.0,0.0,0.0,0.0,0.0,0.0,1662.742672697093,2257.902053501012,5,26,14.177838286763832,22,56,23.029176898534537
riverside_south_lamar,19,3.0,11065,30.264351,-97.756216,582.3684210526316,2787.710050586673,82.75371455757899,8.719947695397217,12,94.47036630259784,95505.01714953102,378764.6600160129,35.3,148333.0,1469.0,0.0,51.0,0.0,0.034717494894486,0.0,0.0,0.0,0.0,0.0,2265.851016887136,2178.439526136734,2,15,66.36102122687196,8,41,86.98384683271715
rosewood_angelina,11,2.0,1153,30.269014,-97.724294,104.8181818181818,1966.159009798317,31.48668689125061,8.23650874854116,14,84.6792139948255,44067.48033963734,63176.63392816914,36.7,111504.0,1213.0,11.0,28.0,0.009068425391591,0.0230832646331409,0.0,0.0,0.0,0.0,0.0,964.6730207173752,2011.0465620377663,6,26,31.586582622982725,10,25,35.7788172825705
s_1st_riverside_at_long_center,15,3.0,4345,30.259384,-97.749726,289.6666666666667,2904.1020802026874,139.40667540669654,4.240899002848918,3,150.1149266971815,77934.09533232806,224934.81957022616,35.8,124453.0,1245.0,7.0,26.0,0.0056224899598393,0.0208835341365461,0.0,0.0,0.0,0.0,0.0,2230.429983848853,2585.356954219777,3,10,136.85093537145568,6,23,149.47661715813706
south_congress_at_bouldin_creek,15,3.0,3312,30.255021,-97.747579,220.8,3278.5323260257574,173.1815093240519,376.0014408305018,2,232.31400549026827,0.0,17981.703767680545,33.3,166071.0,977.0,14.0,41.0,0.014329580348004,0.0419651995905834,0.0,0.0,0.0,0.0,0.0,2560.034436311362,2986.6639866624146,2,14,77.63062570010251,15,33,98.10948114731521
south_congress_academy,11,3.0,2087,30.252232,-97.748805,189.72727272727272,3609.990590805834,49.87377354009395,194.34966592731035,6,78.08034894085084,3434.7712589136777,8099.720278645673,36.3,124453.0,1931.0,7.0,22.0,0.0036250647332988,0.0113930605903676,0.0,0.0,0.0,0.0,0.0,2890.6292347244853,3315.6043776264028,6,21,40.131882343695274,16,36,105.6081700901307
south_congress_barton_springs,11,3.0,4002,30.258694,-97.74622,363.8181818181818,2849.793847080085,200.67325260765665,340.5980754965019,2,228.7543996582237,0.0,136152.25393230337,34.5,123889.0,549.0,0.0,0.0,0.0,0.0,0.0,0.0,0.0,0.0,0.0,2134.8228206240865,2559.979942098053,3,7,49.946654743128406,15,30,56.04811718467271
south_congress_elizabeth,11,3.0,1965,30.248923,-97.750206,178.63636363636363,4001.650760180748,269.26237095972374,349.6401287931837,1,313.0379545686636,0.0,6150.405194495338,36.3,152467.0,1931.0,7.0,22.0,0.0036250647332988,0.0113930605903676,0.0,0.0,0.0,0.0,0.0,3280.9397918187788,3704.929326071941,14,36,26.685750349756393,28,57,41.51621427188755
south_congress_james,7,3.0,1556,30.251048,-97.749253,222.28571428571428,3748.494490436749,95.10479905407898,234.2416881039672,5,101.10415525889616,4886.057764408555,9944.157557424593,36.3,152467.0,1931.0,7.0,22.0,0.0036250647332988,0.0113930605903676,0.0,0.0,0.0,0.0,0.0,3028.282872603494,3453.528191380311,8,28,15.07853221963494,20,42,25.54925782573898
south_congress_mary,11,3.0,2989,30.244929,-97.751334,271.72727272727275,4457.211135075907,86.95081609992621,390.8513071099151,9,112.82631492744598,0.0,276.98635599764185,38.0,152467.0,1256.0,46.0,15.0,0.036624203821656,0.0119426751592356,0.0,0.0,0.0,0.0,0.0,3731.8835704763433,4160.505471712355,10,43,45.835156280769475,20,49,51.67792843500139
veterans_atlanta_at_mopac_ped_bridge,19,3.0,5335,30.274475,-97.769892,280.7894736842105,3314.3392612786715,53.38655077152716,0.8110722084353978,12,65.77916181767304,68181.76249090303,307071.9965664722,32.1,183017.0,677.0,0.0,48.0,0.0,0.0709010339734121,0.0,0.0,0.0,0.0,0.0,2809.5460078720253,1993.7046167318413,0,11,405.8587790846918,0,19,421.6456489625164
w_11th_congress_at_the_texas_capitol,11,3.0,3114,30.272551,-97.741225,283.09090909090907,1236.801935772662,225.21404245419524,48.73643295676541,5,232.20856697504183,1262.3164002773492,30199.920688027458,37.1,130194.0,717.0,12.0,12.0,0.0167364016736401,0.0167364016736401,0.0,0.0,0.0,0.0,0.0,572.635671008886,959.0436639040704,10,49,64.05133714292779,11,61,81.59600792356949
w_16th_san_antonio,11,2.0,4185,30.27941719277451,-97.74371821617328,380.45454545454544,773.2763780626806,141.02803466544012,469.89276843512783,5,184.92389445223347,0.0,7903.035271272207,44.4,98706.0,1175.0,115.0,144.0,0.0978723404255319,0.1225531914893617,0.0,0.0,0.0,148137.46674529233,362169.5686766643,333.04429748278767,293.5557514270976,17,53,101.84872388289358,10,37,132.2826073232985
w_21st_guadalupe,11,3.0,21626,30.283985,-97.74198,1966.0,506.4576965769904,51.54577247951919,871.1585221748392,19,59.137809305661136,0.0,0.0,19.9,22132.0,1966.0,1439.0,90.0,0.731943031536114,0.0457782299084435,0.0,0.0,164859.45311285474,399439.2108091908,722435.1535242667,13.883666644336074,0.0,12,46,46.45932405344606,28,70,54.171590034804204
w_21st_university,19,3.0,25314,30.283535,-97.73953,1332.3157894736842,265.9471449576826,65.18331054753669,899.3447486905479,10,93.20646568114005,0.0,0.0,19.4,10625.0,8288.0,8191.0,89.0,0.988296332046332,0.0107384169884169,0.0,0.0,63491.16568221248,226327.6708937724,488070.4891507462,0.0,1.7856313079680854,6,35,167.87035580759414,11,61,177.58899006469122
w_225_rio_grande,5,3.0,12942,30.28617,-97.745201,2588.4,709.9173172140984,83.24865192031746,645.6517436127667,21,102.02919907288596,0.0,0.0,21.3,8761.0,1186.0,911.0,72.0,0.7681281618887015,0.0607082630691399,0.0,0.0,237201.4795975765,742822.517669139,1164189.6948024037,341.8441008163022,0.0,12,45,23.081112487275508,10,66,46.38517706809634
w_22nd_pearl,23,3.0,24429,30.285384,-97.746661,1062.1304347826087,872.6912806060274,148.80631841848577,541.370620248068,18,168.0609004814375,0.0,575.6043155249369,21.3,8761.0,1186.0,911.0,72.0,0.7681281618887015,0.0607082630691399,0.0,0.0,234884.49653940657,727676.9649572074,1099636.0861044626,474.9699162216838,0.0,10,44,142.82423589066056,8,54,172.9169739194104
w_23rd_san_gabriel,11,3.0,27560,30.287119781194694,-97.74793884604874,2505.454545454545,869.415428098658,134.38635931655685,364.2576712023919,11,159.68954145275222,0.0,47279.94569431496,21.2,9000.0,895.0,544.0,25.0,0.6078212290502794,0.0279329608938547,0.0,0.0,237201.4795975765,840409.6980059016,1146346.9455853703,612.6693371913204,0.0,8,37,51.62539782866053,4,16,94.57019496659598
w_26th_nueces,13,3.0,32920,30.290682,-97.742902,2532.3076923076924,300.2944860217314,52.49423969396123,387.5507284230037,11,66.53011557537334,0.0,38448.88081534963,21.9,5287.0,1361.0,832.0,362.0,0.6113152094048494,0.2659808963997061,5959.080863766559,135587.16586798904,192973.596822434,590433.5280705416,1125362.6171655792,160.85201992996147,0.0,13,43,83.24458952214125,17,56,104.14218981871136
w_28th_rio_grande,7,3.0,23098,30.293155,-97.744154,3299.714285714286,512.525976024004,81.374554499431,213.60032318516105,8,150.45659730141057,10559.804299332276,98771.14246573568,21.9,5287.0,1361.0,832.0,362.0,0.6113152094048494,0.2659808963997061,14775.290588385247,175854.36007154346,226687.5461816596,635691.6874691003,1121568.1398127077,322.44589570921124,0.0,9,43,193.4073315736491,15,46,206.85062582736472
w_2nd_lavaca_at_city_hall,19,3.0,6136,30.26476,-97.746728,322.94736842105266,2240.614064254124,47.05766227566516,94.6761625061729,11,82.42753006610641,20855.89891136785,129319.80393607248,37.0,155363.0,758.0,0.0,31.0,0.0,0.0408970976253298,0.0,0.0,0.0,0.0,0.0,1576.0813726432516,1929.1525123216827,14,42,23.28021442724355,76,182,25.81118479879051
w_3rd_nueces,11,3.0,6744,30.266972,-97.749462,613.0909090909091,2156.7595055667493,62.235763197099416,70.55469502702341,15,76.44490060905738,27909.501295799502,133999.99417859525,42.2,195117.0,2119.0,0.0,125.0,0.0,0.0589900896649362,0.0,0.0,0.0,0.0,0.0,1574.627974087161,1773.9724780685362,14,49,14.248145488416508,48,178,26.90158438096487
w_3rd_west,11,3.0,7381,30.267756,-97.751763,671.0,2221.221980483056,91.92951628850572,76.807462566535,11,139.39281423210787,27036.287530879352,140762.36774684404,38.0,159952.0,3126.0,0.0,32.0,0.0,0.0102367242482405,0.0,0.0,0.0,0.0,0.0,1698.8774076509008,1755.1991815077452,14,42,25.79368493991709,37,133,45.848487089435814
w_4th_congress,15,3.0,5405,30.266343,-97.743817,360.3333333333333,1970.607678864196,52.218644147716965,331.13785806796835,9,113.86969553883152,0.0,41776.37014373588,31.6,220134.0,1046.0,0.0,0.0,0.0,0.0,0.0,0.0,0.0,0.0,0.0,1274.97166498438,1681.6823902650624,18,56,28.823709359544043,99,261,35.064971218485795
w_5th_bowie,15,3.0,6551,30.26921,-97.753495,436.73333333333335,2217.386204333418,47.59135312577303,79.4333832827638,10,60.39226313906522,8852.099303922974,128818.39861759447,38.0,159952.0,3126.0,0.0,32.0,0.0,0.0102367242482405,0.0,0.0,0.0,0.0,0.0,1763.141600186627,1609.054963168832,11,35,58.357670122584004,34,107,67.27763592981356
w_5th_campbell,15,3.0,3776,30.274782,-97.764786,251.7333333333333,2836.868502823984,77.73717502860568,265.89715306454906,17,89.03993888013356,83.30886690698222,116899.10321081446,32.1,183017.0,677.0,0.0,48.0,0.0,0.0709010339734121,0.0,0.0,0.0,0.0,0.0,2333.351920834809,1570.023371303946,5,15,35.794532940186215,16,19,38.132738705403305
w_7th_congress_(w_6th_congress),17,3.0,7929,30.268310763977247,-97.74287793292342,466.4117647058824,1734.1927894629414,118.82491710402904,378.92529061435886,5,150.60017265433396,0.0,20873.08362978396,37.1,130194.0,717.0,12.0,12.0,0.0167364016736401,0.0167364016736401,0.0,0.0,0.0,0.0,0.0,1041.863431205392,1449.3245460618812,17,65,10.061227759567837,81,246,30.319557570503328
w_6th_lavaca,7,2.0,1816,30.268949,-97.745223,259.42857142857144,1758.8045390815787,148.18274426434337,182.3063153461836,9,168.0522973784939,6369.3171992272455,20452.19239479804,37.1,130194.0,717.0,12.0,12.0,0.0167364016736401,0.0167364016736401,0.0,0.0,0.0,0.0,0.0,1126.9720776939832,1442.8870131647698,18,66,38.199669890169375,44,243,49.21034798712149
w_6th_west,15,2.0,2286,30.270466,-97.750461,152.4,1913.009779833845,119.29222107155611,72.12650498737928,7,149.73433335452702,16632.458014532283,70464.46391829345,37.1,130194.0,717.0,12.0,12.0,0.0167364016736401,0.0167364016736401,0.0,0.0,0.0,0.0,0.0,1439.796460854253,1431.4197594519876,14,52,13.136706391567742,39,121,19.65008659240085
w_8th_congress,11,3.0,2804,30.269793,-97.742239,254.9090909090909,1558.3439579154135,82.76251051598511,247.97124804503665,4,111.34797288623612,1180.20624818892,16524.021694086547,37.1,130194.0,717.0,12.0,12.0,0.0167364016736401,0.0167364016736401,0.0,0.0,0.0,0.0,0.0,871.0849384001461,1276.3603117868188,18,59,15.109930297651438,54,179,21.96253364536828
w_9th_henderson,11,2.0,3415,30.272176,-97.752456,310.45454545454544,1924.6510678539748,135.7599676272297,83.01415270173088,2,202.62258485148035,30047.98915234788,49690.6271448715,55.6,120469.0,783.0,0.0,48.0,0.0,0.0613026819923371,0.0,0.0,0.0,0.0,0.0,1484.0845135111445,1275.0851524296725,9,49,62.32526414554676,24,98,87.55269463576087
zilker_park,15,3.0,3939,30.265882,-97.768312,262.6,3573.651343803009,286.772044595373,0.0,0,306.4200327139788,237201.4795975765,771472.1120251905,34.4,62031.0,869.0,25.0,25.0,0.0287686996547756,0.0287686996547756,0.0,0.0,0.0,0.0,0.0,3099.1149111806903,2515.3271841595506,2,4,226.53868428029443,1,8,294.7685099019343
