docks,trips_per_dock,nearest_amenity_m,nearest_park_m,count_amenities_275m,avg_dist_3_amenities_m,park_area_within_275m,park_area_within_550m,median_age,median_income,population_density,undergrad_percentage,grad_percentage,west_campus_area_within_550m,distance_to_west_campus_m,distance_to_ut_m,jobs_count_within_275m,jobs_count_within_550m,nearest_retail_m,avg_dist_3_retail_m,nearest_bikeshare_station_m,avg_dist_3_stations,bikeshare_station_count_within_275m,bikeshare_station_count_within_550m,nearest_transit_stop_distance_m,count_transit_stop_275m,count_transit_stop_550m
11,328.45454545454544,48.26819194418196,0.0,4,142.8714523701296,234168.3086871573,743414.1432924796,34.4,62031.0,0.0005373177797468,0.0287686996547756,0.0287686996547756,0.0,2820.582363094466,3427.165042878604,1,6,104.7378749632216,148.1932706100324,330.74651823298257,565.3997900364527,0,2,335.767552606049,0,4
15,335.8,201.12366467634308,4.855305320165165,3,219.20708053595013,114251.69965427493,332825.0294943096,35.8,124453.0,0.0010630451219872,0.0056224899598393,0.0208835341365461,0.0,2660.7962540752865,2421.175062407662,4,13,109.67426070296668,144.4504984850422,359.12083200572386,475.7233198355728,0,2,32.831086732427934,5,19
11,252.1818181818182,99.76573751421584,271.38915354077795,11,113.98483407087494,194.525127809501,216223.5215870312,35.3,148333.0,0.0033778257964621,0.0,0.034717494894486,0.0,2562.7464109239377,2807.2874082350395,6,20,24.1187387477934,55.54168313423013,543.80242935674,714.3253089348009,0,1,60.85432445594149,3,10
11,335.90909090909093,90.33029986958014,0.0,8,94.44683943482585,21829.559363945424,105804.9077199874,37.0,155363.0,0.0033894293096951,0.0,0.0408970976253298,0.0,2033.7293179219048,1624.7639523634143,7,35,74.880254066336,107.64289096632436,171.5372802469489,249.34531445213543,2,4,119.13910611282496,3,12
15,288.8666666666667,103.69653474356258,17.800355865538982,5,142.26492281602188,30366.15126224547,38498.21735663357,23.7,59138.0,0.0009512113105562,0.4867052023121387,0.1132947976878612,0.0,812.6156085893005,5.440608778068863,4,16,267.70633853292134,284.88793991994464,337.18165701040834,407.8166013792895,0,3,143.44800256779476,6,23
11,316.0,183.67845225609312,274.2696153768364,4,215.14706814037143,0.3789157602378248,38498.21735663357,23.7,59138.0,0.0009512113105562,0.4867052023121387,0.1132947976878612,0.0,1159.334265700336,0.0,5,19,58.08851129609195,132.11050365093024,461.7316079927714,598.3778972219055,0,2,22.848846576180414,5,16
23,1449.6521739130435,168.95117564802473,327.6992699993195,1,283.99905897650586,0.0,28419.29763058712,19.4,10625.0,0.0090489983491804,0.988296332046332,0.0107384169884169,27613.72694958897,475.4350068747745,0.0,1,19,230.80585820131947,259.60508239575137,337.18165701040834,416.4043660992466,0,3,51.070945452363816,10,25
19,1218.5263157894738,188.48389709160145,458.3516920574011,5,204.3734961554971,0.0,8517.836663472077,19.4,10625.0,0.0090489983491804,0.988296332046332,0.0107384169884169,354328.1575549054,95.71471189131935,0.0,8,33,111.49668332362788,113.32516811870612,252.76990009245583,370.25133127178816,1,4,88.30574357711612,6,19
15,149.26666666666668,59.76108066734926,8.586582389103596,4,102.3054280103505,11630.955274196807,54789.38133149058,45.2,114115.0,0.0017308133350435,0.0662251655629139,0.0,0.0,1290.3562993408973,596.1309319508719,11,46,61.92404058208631,77.9080206950184,208.3742043140058,325.0980623887837,1,5,110.86148303155925,2,15
11,121.0909090909091,85.83062981048752,124.59275847322056,3,150.94598392047013,2615.1902020661487,64144.91868597175,27.7,110069.0,0.002740656450079,0.2671456564337034,0.1038536903984324,0.0,2394.515521859896,1348.422758791782,7,25,168.74185971247508,242.00303153499848,385.4359580989908,481.912771440127,0,2,106.28224546707872,5,22
11,100.54545454545456,35.68660294173244,166.67502122725932,4,126.7881330490554,16532.49890901341,53119.15656872388,45.2,114115.0,0.0017308133350435,0.0662251655629139,0.0,0.0,1044.2543922591385,493.0840338731044,11,41,151.35896318084477,186.3484256168647,184.24623736545857,259.9247124770528,1,6,80.17979171686967,4,14
11,239.1818181818182,96.41335510199788,145.95013928580414,8,109.45019476720576,4550.508309909454,18944.579630028347,27.7,110069.0,0.002740656450079,0.2671456564337034,0.1038536903984324,0.0,1549.7295422963873,581.4015451000312,11,43,24.85329813340696,86.1257737879797,223.74085632709856,418.4698051228295,1,2,63.03511806112613,5,14
11,84.63636363636364,134.06810344027076,246.2463208699402,3,198.5996800465297,911.1499288720418,33137.2552178422,36.7,111504.0,0.0018334001273331,0.009068425391591,0.0230832646331409,0.0,1736.5063984214205,720.5728693461897,12,37,37.68765737017118,46.115768484542485,223.74085632709856,400.31202308103497,1,2,72.55464554342639,3,15
11,99.36363636363636,51.01369029611407,116.56863998518276,2,169.7597603549441,31006.633285807224,52878.811545099925,44.4,98706.0,0.0007278098209757,0.0978723404255319,0.1225531914893617,0.0,861.8926429548856,319.43748861875474,7,35,148.56227623039717,170.1245179310084,151.9776884286741,218.317887846608,2,4,126.4396636492197,4,16
11,154.0909090909091,172.20349005334165,3.7141097578555886,2,281.6450447562247,43204.723288696536,52673.732976750136,44.4,98706.0,0.0007278098209757,0.0978723404255319,0.1225531914893617,0.0,841.0596758046829,218.83222582708305,5,30,17.085123602482778,67.08163755907437,151.9776884286741,293.9566058857127,1,4,157.82613462334402,3,10
17,2579.470588235294,80.8703222694117,822.3839451210862,12,115.08054601232315,0.0,0.0,19.4,10625.0,0.0090489983491804,0.988296332046332,0.0107384169884169,94190.873050536,218.23268325779807,0.0,2,26,19.00654889735108,37.40324319631873,221.4934793825922,384.4150565215657,1,4,227.34712683788808,2,18
23,459.0,73.04057760582802,439.1279825434463,5,128.52432326947672,0.0,12069.586083886126,23.7,59138.0,0.0009512113105562,0.4867052023121387,0.1132947976878612,0.0,619.7830981887375,0.0,3,9,134.9610336606917,147.74519057749802,424.5365391346888,475.625403662422,0,4,6.703280835352709,9,22
15,426.6666666666667,19.53325559153915,155.63440261627483,11,79.6944541027963,15770.113568336748,72361.6862916309,50.0,161995.0,0.0028926664039128,0.0163424124513618,0.0,0.0,1920.0275176645675,1483.0163609790795,12,40,49.786665493372105,51.405707477347086,171.5372802469489,246.0242125097753,2,4,126.2655274838492,3,17
11,162.0909090909091,130.26851638739657,337.072463651946,3,192.17560104453136,0.0,51182.75462541037,35.9,82009.0,0.0034691408777096,0.0329489291598023,0.029654036243822,0.0,3618.38451420388,2594.4479668713093,7,33,77.51120081930893,125.74790318987856,435.2863086302766,619.8977081255131,0,1,111.60153048516928,2,8
19,141.73684210526315,46.123065757110574,8.67502348568039,10,50.216367561993,19096.83232117321,25252.68189236524,35.9,82009.0,0.0034691408777096,0.0329489291598023,0.029654036243822,0.0,2863.300704958456,1865.723819692503,8,35,76.85511634134951,164.54924775175814,247.95971107955015,359.1741093114828,1,3,36.6605325953623,4,21
15,239.53333333333333,144.06988343403395,459.2506189833703,3,160.488402108433,0.0,1881.8442156618785,35.0,68913.0,0.0017436493760844,0.0,0.0306296086216676,0.0,3970.068510623222,2924.5500882285114,7,25,46.95769765679017,110.94315261107492,540.7011901233444,796.3776300475007,0,1,128.52454016876675,2,14
11,219.1818181818182,117.57982719376903,343.2484806586985,6,158.99036404771925,0.0,23561.62401951549,35.5,80250.0,0.00237189699513,0.0151041666666666,0.0140625,0.0,2534.296672244426,1525.5144032603475,6,33,13.207312343986118,23.72996616764345,307.27284714701415,325.9459215090995,0,4,186.53913747762425,6,16
11,171.63636363636363,50.97904567093549,233.2739080845465,3,155.8564677042569,5372.320549489454,24271.12714097663,35.0,68913.0,0.0017436493760844,0.0,0.0306296086216676,0.0,2833.4735376887274,1807.9247612713043,6,33,26.598400197253014,42.99191673814445,247.95971107955015,382.2922887653367,1,2,140.29441394418097,4,16
11,572.1818181818181,52.60900320683158,413.3991927517028,10,85.13590093883364,0.0,10889.479196082702,35.5,80250.0,0.00237189699513,0.0151041666666666,0.0140625,0.0,1996.2903295673616,1134.8022232117935,18,51,8.889191496066495,30.07039594168345,491.0264167793447,547.5995340850617,0,1,155.07619585231555,3,7
11,345.1818181818182,158.71729396756754,355.29305190094726,1,260.3660011447163,0.0,45775.269515313965,35.0,68913.0,0.0017436493760844,0.0,0.0306296086216676,0.0,3439.338059591222,2395.9152014121914,7,34,29.35335152694748,53.09217886176473,435.2863086302766,550.8077941800699,0,2,222.96895075069452,3,14
7,215.57142857142856,76.97399048146696,175.41017016250996,3,173.6880787798452,6629.209945258271,15347.134506828965,37.1,130194.0,0.0011550061296521,0.0167364016736401,0.0167364016736401,0.0,1259.0896407540054,964.7711914969972,19,62,133.84810963646953,157.40355465714123,183.7985118635596,241.1001270188796,2,5,20.514520564218486,11,26
11,186.9090909090909,72.01417008808527,90.55880721344296,7,109.85756407299873,5101.335443123479,35106.00143631192,45.2,114115.0,0.0017308133350435,0.0662251655629139,0.0,0.0,1430.7317782106345,798.086151038304,14,52,16.00804500286719,20.852404394612588,208.3742043140058,390.3587167954829,1,2,137.20777328521964,3,18
19,409.3157894736842,47.800709692657854,1.322700979078397,8,115.94707755409247,42624.81219553599,280364.91357571475,38.0,159952.0,0.0107714019524436,0.0,0.0102367242482405,0.0,1859.8909831199207,1988.762145880444,5,23,37.326614358564896,98.19925429424356,269.8509908469376,301.0349385715119,1,4,141.03777044334734,4,13
15,1244.9333333333334,107.06772031188588,849.8285094476183,14,127.72259417283102,0.0,0.0,20.4,20509.0,0.0333054402117536,0.9332443257676902,0.0130173564753004,488634.8263176639,0.0,10.539229273078949,9,40,24.829217852477104,27.433032148202567,186.96507859063288,280.19838507951084,1,6,19.31077702376955,6,12
11,277.0,59.86391848229805,50.61195895062356,7,96.16254343604864,82733.12955177741,405916.4422566361,36.9,92763.0,0.0020408141711086,0.0063829787234042,0.0101063829787234,0.0,3141.9081328467737,3711.555076340072,2,10,236.3883211085775,274.05300178153675,340.9711828133451,690.5695576301159,0,1,642.4741046708592,0,0
11,368.8181818181818,183.00359956570813,53.38413471866708,2,286.6316473613305,35318.49343678477,131423.93783202168,29.2,37961.0,0.0011611538444892,0.2798541476754785,0.398359161349134,0.0,2051.3131253964657,2983.253624838987,7,17,36.65890248246643,40.379747838874806,484.5036894989606,916.2928615641462,0,1,145.3907263379192,5,5
11,474.3636363636364,223.99453502112505,14.156626771414114,2,264.1320632441433,27421.826226097022,192658.4452441778,29.9,83694.0,0.0012535131126124,0.0269662921348314,0.0,0.0,4352.917076290964,3443.559896416798,2,9,69.36207871045514,359.4551508145395,550.7446943546987,1087.8930728726757,0,0,422.342215768894,0,2
15,448.4,188.3747857285196,8.836873829532836,6,202.362910922222,97974.57595677437,258087.5497797048,29.9,83694.0,0.0012535131126124,0.0269662921348314,0.0,0.0,4767.935494956431,3813.597124584856,0,3,361.9878371806543,408.5380064606562,550.7446943546987,1214.4978838761,0,0,53.64126743714623,2,10
11,569.3636363636364,105.85670255129104,7.990222806419371,1,226.1373300215647,76543.35975977912,205509.69881690628,36.0,106250.0,0.0009778137130276,0.0,0.0,0.0,3262.140582079868,2537.0531643490995,3,12,259.4421603055211,325.03698575765304,672.4382141432958,999.4933635106504,0,0,146.28668423951865,2,12
15,113.53333333333332,211.3408403448419,159.06311238248108,3,235.39805767854173,14549.49105556255,131245.1278641172,35.8,124453.0,0.0010630451219872,0.0056224899598393,0.0208835341365461,0.0,2745.0635779369422,2357.6159895487344,3,11,151.53477421012153,161.4975381363351,204.8375093781678,271.9067440069832,1,4,117.62836041372384,9,18
15,502.8,51.14922519675374,150.56527519323478,7,91.21403739310404,3929.466809238911,8771.50097090922,35.5,80250.0,0.00237189699513,0.0151041666666666,0.0140625,0.0,2423.418858989646,1469.0536902649144,13,41,52.08475313283485,58.02552372065219,307.27284714701415,427.6416518723516,0,3,21.36906683161205,3,16
19,800.2631578947369,34.433029771095214,0.0,6,68.6577267981184,43957.79830491936,126397.23324458476,46.2,166721.0,0.0050224890179059,0.0,0.0,0.0,2790.8746596379547,2230.0310541003537,2,11,40.785900280028144,77.21398116814103,567.3573791909247,640.0569339458816,0,0,438.4631535936716,0,8
11,444.45454545454544,87.22897822912753,170.40941526024525,9,96.89130644022632,26023.780711211177,100280.25988833194,46.2,166721.0,0.0050224890179059,0.0,0.0,0.0,2257.902053501012,1662.742672697093,5,26,14.177838286763832,23.029176898534537,567.3573791909247,645.9594008993766,0,0,92.78220110726087,2,8
19,582.3684210526316,82.75371455757899,8.719947695397217,12,94.47036630259784,95505.01714953102,378764.6600160129,35.3,148333.0,0.0033778257964621,0.0,0.034717494894486,0.0,2178.439526136734,2265.851016887136,2,15,66.36102122687196,86.98384683271715,329.31874179474903,481.3475362965284,0,2,211.5828671437048,1,10
11,104.8181818181818,31.48668689125061,8.23650874854116,14,84.6792139948255,44067.48033963734,63176.63392816914,36.7,111504.0,0.0018334001273331,0.009068425391591,0.0230832646331409,0.0,2011.0465620377663,964.6730207173752,6,26,31.586582622982725,35.7788172825705,385.4359580989908,465.4818748628338,0,2,15.507122702817712,3,20
15,289.6666666666667,139.40667540669654,4.240899002848918,3,150.1149266971815,77934.09533232806,224934.81957022616,35.8,124453.0,0.0010630451219872,0.0056224899598393,0.0208835341365461,0.0,2585.356954219777,2230.429983848853,3,10,136.85093537145568,149.47661715813706,204.8375093781678,303.2809101986754,1,4,9.025624459380438,7,17
15,220.8,173.1815093240519,376.0014408305018,2,232.31400549026827,0.0,17981.703767680545,33.3,166071.0,0.0022449472708682,0.014329580348004,0.0419651995905834,0.0,2986.6639866624146,2560.034436311362,2,14,77.63062570010251,98.1094811473152,321.3498343619753,359.9254866949004,0,5,39.84653088039577,5,19
11,189.72727272727272,49.87377354009395,194.34966592731035,6,78.08034894085084,3434.7712589136777,8099.720278645673,36.3,124453.0,0.0029462210579559,0.0036250647332988,0.0113930605903676,0.0,3315.6043776264028,2890.6292347244853,6,21,40.13188234369528,105.6081700901307,138.12412334235677,286.5713526532068,1,3,22.58936913975801,2,13
11,363.8181818181818,200.67325260765665,340.5980754965019,2,228.7543996582237,0.0,136152.25393230337,34.5,123889.0,0.0015698732911881,0.0,0.0,0.0,2559.979942098053,2134.8228206240865,3,7,49.946654743128406,56.04811718467271,289.53288828080645,354.3295556094293,0,4,238.3313311802113,1,14
11,178.63636363636363,269.26237095972374,349.6401287931837,1,313.0379545686636,0.0,6150.405194495338,36.3,152467.0,0.0029462210579559,0.0036250647332988,0.0113930605903676,0.0,3704.929326071941,3280.9397918187788,14,36,26.6857503497564,41.51621427188755,252.74035799544595,366.4171068245492,1,3,40.17762279893083,2,7
7,222.28571428571428,95.10479905407898,234.2416881039672,5,101.10415525889616,4886.057764408555,9944.157557424593,36.3,152467.0,0.0029462210579559,0.0036250647332988,0.0113930605903676,0.0,3453.528191380311,3028.282872603494,8,28,15.07853221963494,25.54925782573898,138.12412334235677,286.5784846088319,2,3,69.79120087342179,3,8
11,271.72727272727275,86.95081609992621,390.8513071099151,9,112.82631492744598,0.0,276.98635599764185,38.0,152467.0,0.002073946111142,0.036624203821656,0.0119426751592356,0.0,4160.505471712355,3731.8835704763433,10,43,45.83515628076948,51.67792843500139,455.7762642483169,669.3664092922667,0,1,15.777440216137965,2,8
19,280.7894736842105,53.38655077152716,0.8110722084353978,12,65.77916181767304,68181.76249090303,307071.9965664722,32.1,183017.0,0.0006441329651567,0.0,0.0709010339734121,0.0,1993.7046167318413,2809.5460078720253,0,11,405.8587790846918,421.6456489625164,484.5036894989606,647.0991573668474,0,2,249.5172940210952,1,5
11,283.09090909090907,225.21404245419524,48.73643295676541,5,232.20856697504183,1262.3164002773492,30199.920688027458,37.1,130194.0,0.0011550061296521,0.0167364016736401,0.0167364016736401,0.0,959.0436639040704,572.635671008886,10,49,64.05133714292779,81.59600792356949,318.38276460538054,319.325618091939,0,6,244.016661605017,2,24
11,380.45454545454544,141.02803466544012,469.89276843512783,5,184.92389445223347,0.0,7903.035271272207,44.4,98706.0,0.0007278098209757,0.0978723404255319,0.1225531914893617,148137.46674529233,293.5557514270976,333.04429748278767,17,53,101.84872388289358,132.2826073232985,533.1591762192762,619.5468487624995,0,1,109.417408992197,6,10
11,1966.0,51.54577247951919,871.1585221748392,19,59.137809305661136,0.0,0.0,19.9,22132.0,0.0198625990033168,0.731943031536114,0.0457782299084435,399439.2108091908,0.0,13.883666644336074,12,46,46.45932405344606,54.17159003480421,186.96507859063288,273.6956685287839,2,6,67.5281841213127,7,10
19,1332.3157894736842,65.18331054753669,899.3447486905479,10,93.20646568114005,0.0,0.0,19.4,10625.0,0.0090489983491804,0.988296332046332,0.0107384169884169,226327.6708937724,1.7856313079680854,0.0,6,35,167.87035580759414,177.58899006469122,221.4934793825922,261.11460040879143,2,3,7.70996996059221,4,13
5,2588.4,83.24865192031746,645.6517436127667,21,102.02919907288596,0.0,0.0,21.3,8761.0,0.0130639360079938,0.7681281618887015,0.0607082630691399,742822.517669139,0.0,341.8441008163022,12,45,23.081112487275508,46.38517706809634,165.25905469939542,260.5089498589862,1,5,171.67280130925568,1,11
23,1062.1304347826087,148.80631841848577,541.370620248068,18,168.0609004814375,0.0,575.6043155249369,21.3,8761.0,0.0130639360079938,0.7681281618887015,0.0607082630691399,727676.9649572074,0.0,474.9699162216838,10,44,142.82423589066056,172.9169739194104,165.25905469939542,287.6392378637847,2,4,11.01876186319277,2,8
11,2505.454545454545,134.38635931655685,364.2576712023919,11,159.68954145275222,0.0,47279.94569431496,21.2,9000.0,0.002887962706543,0.6078212290502794,0.0279329608938547,840409.6980059016,0.0,612.6693371913204,8,37,51.62539782866053,94.57019496659598,228.2936819195309,374.9212038389639,1,2,139.88129604970808,2,7
13,2532.3076923076924,52.49423969396123,387.5507284230037,11,66.53011557537334,0.0,38448.88081534963,21.9,5287.0,0.0151894252384303,0.6113152094048494,0.2659808963997061,590433.5280705416,0.0,160.85201992996147,13,43,83.24458952214125,104.14218981871136,252.76990009245583,366.31110276427125,1,3,108.60573825931333,5,16
7,3299.714285714286,81.374554499431,213.60032318516105,8,150.45659730141057,10559.804299332276,98771.14246573568,21.9,5287.0,0.0151894252384303,0.6113152094048494,0.2659808963997061,635691.6874691003,0.0,322.44589570921124,9,43,193.4073315736491,206.85062582736472,299.37622405407114,524.309429453636,0,2,209.24489165073092,4,11
19,322.94736842105266,47.05766227566516,94.6761625061729,11,82.42753006610641,20855.89891136785,129319.80393607248,37.0,155363.0,0.0033894293096951,0.0,0.0408970976253298,0.0,1929.1525123216827,1576.0813726432516,14,42,23.28021442724355,25.81118479879051,222.13317313266296,289.50703887446383,1,6,109.14805418272438,5,18
11,613.0909090909091,62.235763197099416,70.55469502702341,15,76.44490060905738,27909.501295799502,133999.99417859525,42.2,195117.0,0.0136658727675238,0.0,0.0589900896649362,0.0,1773.9724780685362,1574.627974087161,14,49,14.248145488416508,26.90158438096487,237.8113375680744,332.1249211414318,1,7,25.86855898403432,5,22
11,671.0,91.92951628850572,76.807462566535,11,139.39281423210787,27036.287530879352,140762.36774684404,38.0,159952.0,0.0107714019524436,0.0,0.0102367242482405,0.0,1755.1991815077452,1698.8774076509008,14,42,25.79368493991709,45.84848708943581,231.8047565465509,257.8503923958247,2,5,177.9432291513234,5,20
15,360.3333333333333,52.218644147716965,331.13785806796835,9,113.86969553883152,0.0,41776.37014373588,31.6,220134.0,0.0073348901623992,0.0,0.0,0.0,1681.6823902650624,1274.97166498438,18,56,28.823709359544043,35.064971218485795,236.06402747435908,268.5408793107644,2,8,200.22481919831336,4,28
15,436.73333333333335,47.59135312577303,79.4333832827638,10,60.39226313906522,8852.099303922974,128818.39861759447,38.0,159952.0,0.0107714019524436,0.0,0.0102367242482405,0.0,1609.054963168832,1763.141600186627,11,35,58.357670122584,67.27763592981356,231.8047565465509,275.01039552444263,2,5,90.37841539570596,6,17
15,251.7333333333333,77.73717502860568,265.89715306454906,17,89.03993888013356,83.30886690698222,116899.10321081446,32.1,183017.0,0.0006441329651567,0.0,0.0709010339734121,0.0,1570.023371303946,2333.351920834809,5,15,35.794532940186215,38.132738705403305,492.3625727001722,793.6086180211211,0,1,27.388827881796036,4,6
17,466.4117647058824,118.82491710402904,378.92529061435886,5,150.60017265433396,0.0,20873.08362978396,37.1,130194.0,0.0011550061296521,0.0167364016736401,0.0167364016736401,0.0,1449.3245460618812,1041.863431205392,17,65,10.061227759567837,30.319557570503328,175.40312959693526,215.9673919625171,3,7,120.4077531646328,5,27
7,259.42857142857144,148.18274426434337,182.3063153461836,9,168.0522973784939,6369.3171992272455,20452.19239479804,37.1,130194.0,0.0011550061296521,0.0167364016736401,0.0167364016736401,0.0,1442.8870131647698,1126.9720776939832,18,66,38.199669890169375,49.21034798712149,183.7985118635596,240.7202827292949,2,7,38.800234753911454,15,27
15,152.4,119.29222107155611,72.12650498737928,7,149.73433335452702,16632.458014532283,70464.46391829345,37.1,130194.0,0.0011550061296521,0.0167364016736401,0.0167364016736401,0.0,1431.4197594519876,1439.796460854253,14,52,13.136706391567742,19.65008659240085,269.7277773756027,306.17682380594124,1,5,16.91015050702919,5,21
11,254.9090909090909,82.76251051598511,247.97124804503665,4,111.34797288623612,1180.20624818892,16524.021694086547,37.1,130194.0,0.0011550061296521,0.0167364016736401,0.0167364016736401,0.0,1276.3603117868188,871.0849384001461,18,59,15.109930297651438,21.96253364536828,175.40312959693526,240.013331498664,2,6,37.99485206370367,9,27
11,310.45454545454544,135.7599676272297,83.01415270173088,2,202.62258485148035,30047.98915234788,49690.6271448715,55.6,120469.0,0.0020135008783424,0.0,0.0613026819923371,0.0,1275.0851524296725,1484.0845135111445,9,49,62.32526414554676,87.55269463576087,269.7277773756027,369.23715812985375,1,3,104.01477220829324,5,17
15,262.6,286.772044595373,0.0,0,306.4200327139788,237201.4795975765,771472.1120251905,34.4,62031.0,0.0005373177797468,0.0287686996547756,0.0287686996547756,0.0,2515.3271841595506,3099.1149111806903,2,4,226.53868428029443,294.7685099019343,330.74651823298257,592.0106458356245,0,1,28.81335541158004,2,6
