name,docks,bikeable_infrastructure,trips,lat,lon,trips_per_dock,nearest_dining_hall_m,nearest_amenity_m,nearest_park_m,count_amenities_275m,avg_dist_3_amenities_m,park_area_within_275m,park_area_within_550m
barton_springs_pool,11,2.0,3613,30.2645,-97.771359,328.45454545454544,3903.2492005217077,48.26819194418196,0.0,4,142.8714523701296,234168.30868715726,743414.1432924796
barton_springs_bouldin_at_palmer_auditorium,15,3.0,5037,30.25966,-97.753445,335.8,3047.3835877146603,201.12366467634308,4.855305320165165,3,219.20708053595013,114251.69965427493,332825.02949430957
barton_springs_kinney,11,3.0,2774,30.261928,-97.761131,252.1818181818182,3307.9969505900517,99.76573751421584,271.38915354077795,11,113.98483407087494,194.525127809501,216223.52158703117
cesar_chavez_congress,11,3.0,3695,30.263344,-97.745094,335.90909090909093,2325.9156665688874,90.33029986958014,0.0,8,94.44683943482583,21829.559363945424,105804.9077199874
dean_keeton_park_place,15,3.0,4333,30.28931,-97.733037,288.8666666666667,661.1404201267859,103.69653474356258,17.800355865538982,5,142.26492281602188,30366.15126224547,38498.21735663357
dean_keeton_robert_dedman_dr,11,3.0,3476,30.28785,-97.728541,316.0,959.8451320773866,183.67845225609312,274.2696153768364,4,215.14706814037143,0.3789157602378248,38498.21735663357
dean_keeton_speedway,23,3.0,33342,30.28951,-97.736535,1449.6521739130435,330.9489922717962,168.95117564802473,327.6992699993195,1,283.99905897650586,0.0,28419.29763058712
dean_keeton_whitis,19,3.0,23152,30.289822,-97.740468,1218.5263157894738,101.21577131480835,188.48389709160145,458.3516920574011,5,204.3734961554971,0.0,8517.836663472077
e_10th_red_river,15,2.0,2239,30.270155,-97.735364,149.26666666666668,1435.375000348106,59.76108066734926,8.586582389103596,4,102.3054280103505,11630.955274196807,54789.38133149058
e_11th_salina,11,2.0,1332,30.266422,-97.721623,121.0909090909091,2351.2231564200197,85.83062981048752,124.59275847322057,3,150.94598392047013,2615.1902020661487,64144.91868597175
e_11th_san_jacinto,11,3.0,1106,30.271838,-97.738019,100.54545454545456,1246.7737687552353,35.68660294173244,166.67502122725932,4,126.78813304905539,16532.49890901341,53119.15656872388
e_11th_san_marcos,11,2.0,2631,30.269669,-97.730623,239.1818181818182,1597.5051565370245,96.41335510199788,145.95013928580414,8,109.45019476720577,4550.508309909454,18944.579630028347
e_11th_waller,11,3.0,931,30.26899897139031,-97.72842914529063,84.63636363636364,1753.1496753946722,134.06810344027076,246.2463208699402,3,198.5996800465297,911.1499288720418,33137.2552178422
e_12th_san_jacinto_at_state_cap_visitors_garage,11,2.0,1093,30.273499,-97.738097,99.36363636363636,1063.8469042212748,51.01369029611407,116.56863998518277,2,169.7597603549441,31006.633285807224,52878.811545099925
e_13th_trinity_at_waterloo_greenway,11,3.0,1695,30.274063,-97.736657,154.0909090909091,994.1389629856683,172.20349005334165,3.7141097578555886,2,281.6450447562247,43204.723288696536,52673.732976750136
e_21st_speedway_at_pcl,17,3.0,43851,30.282894,-97.737349,2579.470588235294,52.16455988508326,80.8703222694117,822.3839451210862,12,115.08054601232317,0.0,0.0
e_23rd_san_jacinto_at_dkr_stadium,23,3.0,10557,30.2855,-97.733492,459.0,422.54067576327316,73.04057760582802,439.1279825434463,5,128.52432326947672,0.0,12069.586083886126
e_2nd_congress,15,3.0,6400,30.264095,-97.743535,426.6666666666667,2199.1394906687588,19.53325559153915,155.63440261627483,11,79.6944541027963,15770.113568336747,72361.6862916309
e_2nd_pedernales,11,2.0,1783,30.255424,-97.716667,162.0909090909091,3626.1441279254764,130.26851638739655,337.072463651946,3,192.17560104453136,0.0,51182.75462541037
e_4th_chicon,19,2.0,2693,30.259718,-97.723198,141.73684210526315,2900.7351209588073,46.123065757110574,8.67502348568039,10,50.216367561993,19096.83232117321,25252.68189236524
e_5th_broadway,15,3.0,3593,30.256297,-97.710115,239.53333333333333,3923.543065137528,144.06988343403395,459.2506189833703,3,160.488402108433,0.0,1881.8442156618785
e_6th_chalmers,11,2.0,2411,30.262684,-97.724284,219.1818181818182,2559.9313872323755,117.57982719376903,343.2484806586985,6,158.99036404771925,0.0,23561.62401951549
e_6th_chicon,11,2.0,1888,30.26125588077636,-97.72132623864783,171.63636363636363,2839.1020439656477,50.979045670935484,233.27390808454655,3,155.8564677042569,5372.320549489454,24271.12714097663
e_6th_medina,11,4.0,6294,30.264582,-97.73165,572.1818181818181,2107.52333526404,52.60900320683158,413.3991927517028,10,85.13590093883364,0.0,10889.479196082702
e_6th_pedernales,11,2.0,3797,30.258999,-97.714794,345.1818181818182,3405.4744056696254,158.71729396756754,355.29305190094726,1,260.3660011447163,0.0,45775.269515313965
e_8th_lavaca,7,2.0,1509,30.270522,-97.744618,215.57142857142856,1576.9962097254645,76.97399048146696,175.41017016250996,3,173.6880787798452,6629.209945258271,15347.134506828963
e_8th_red_river,11,2.0,2056,30.26855,-97.736492,186.9090909090909,1607.3412330868475,72.01417008808527,90.55880721344296,7,109.85756407299871,5101.335443123479,35106.00143631192
electric_drive_at_pfluger_ped_bridge,19,3.0,7777,30.267064,-97.75482,409.3157894736842,2475.7758684219975,47.800709692657854,1.322700979078397,8,115.94707755409249,42624.81219553599,280364.91357571475
guadalupe_west_mall_at_university_co-op,15,3.0,18674,30.285664,-97.741792,1244.9333333333334,560.269547769122,107.06772031188588,849.8285094476183,14,127.72259417283102,0.0,0.0
hollow_creek_barton_hills,11,2.0,3047,30.261617,-97.772596,277.0,4178.483417426733,59.86391848229805,50.61195895062356,7,96.16254343604864,82733.12955177741,405916.4422566361
lake_austin_blvd_deep_eddy,11,3.0,4057,30.278107,-97.772695,368.8181818181818,3448.3631181898645,183.00359956570813,53.38413471866708,2,286.6316473613305,35318.49343678477,131423.93783202168
lakeshore_lady_bird_ln,11,3.0,5218,30.2447276628392,-97.72285895003382,474.3636363636364,4462.115419621767,223.99453502112505,14.156626771414114,2,264.13206324414335,27421.826226097022,192658.4452441778
lakeshore_pleasant_valley,15,3.0,6726,30.242667,-97.717651,448.4,4848.164468895796,188.37478572851956,8.836873829532836,6,202.36291092222197,97974.57595677437,258087.5497797048
nash_hernandez_east_at_rbj_south,11,4.0,6263,30.252056,-97.734532,569.3636363636364,3448.0813472263194,105.85670255129104,7.990222806419371,1,226.1373300215647,76543.35975977912,205509.69881690628
one_texas_center,15,3.0,1703,30.257653,-97.74898,113.53333333333332,3051.129758454727,211.34084034484187,159.06311238248108,3,235.39805767854173,14549.49105556255,131245.1278641172
plaza_saltillo,15,3.0,7542,30.262116,-97.72741,502.8,2492.0044417724293,51.14922519675374,150.56527519323478,7,91.21403739310404,3929.4668092389106,8771.50097090922
rainey_cummings,19,3.0,15205,30.255942,-97.739899,800.2631578947369,3023.495517580596,34.433029771095214,0.0,6,68.6577267981184,43957.798304919364,126397.23324458477
rainey_driskill,11,2.0,4889,30.26081,-97.738075,444.45454545454544,2470.6363078241266,87.22897822912753,170.40941526024525,9,96.89130644022632,26023.780711211177,100280.25988833194
riverside_south_lamar,19,3.0,11065,30.264351,-97.756216,582.3684210526316,2787.710050586673,82.75371455757899,8.719947695397217,12,94.47036630259785,95505.01714953102,378764.6600160129
rosewood_angelina,11,2.0,1153,30.269014,-97.724294,104.8181818181818,1966.1590097983174,31.48668689125061,8.23650874854116,14,84.6792139948255,44067.48033963734,63176.63392816914
s_1st_riverside_at_long_center,15,3.0,4345,30.259384,-97.749726,289.6666666666667,2904.1020802026874,139.40667540669654,4.240899002848918,3,150.1149266971815,77934.09533232806,224934.81957022616
south_congress_at_bouldin_creek,15,3.0,3312,30.255021,-97.747579,220.8,3278.5323260257574,173.1815093240519,376.0014408305018,2,232.31400549026827,0.0,17981.703767680545
south_congress_academy,11,3.0,2087,30.252232,-97.748805,189.72727272727272,3609.990590805834,49.87377354009395,194.34966592731033,6,78.08034894085084,3434.7712589136777,8099.720278645673
south_congress_barton_springs,11,3.0,4002,30.258694,-97.74622,363.8181818181818,2849.7938470800855,200.67325260765665,340.5980754965019,2,228.75439965822375,0.0,136152.25393230337
south_congress_elizabeth,11,3.0,1965,30.248923,-97.750206,178.63636363636363,4001.650760180748,269.26237095972374,349.6401287931837,1,313.0379545686636,0.0,6150.405194495338
south_congress_james,7,3.0,1556,30.251048,-97.749253,222.28571428571428,3748.494490436749,95.10479905407898,234.24168810396716,5,101.10415525889617,4886.057764408555,9944.157557424593
south_congress_mary,11,3.0,2989,30.244929,-97.751334,271.72727272727275,4457.211135075907,86.95081609992621,390.85130710991507,9,112.82631492744598,0.0,276.98635599764185
veterans_atlanta_at_mopac_ped_bridge,19,3.0,5335,30.274475,-97.769892,280.7894736842105,3314.3392612786715,53.386550771527155,0.8110722084353978,12,65.77916181767304,68181.76249090303,307071.9965664722
w_11th_congress_at_the_texas_capitol,11,3.0,3114,30.272551,-97.741225,283.09090909090907,1236.8019357726619,225.21404245419524,48.73643295676541,5,232.20856697504183,1262.3164002773492,30199.920688027458
w_16th_san_antonio,11,2.0,4185,30.27941719277451,-97.74371821617328,380.45454545454544,773.2763780626806,141.02803466544012,469.89276843512783,5,184.92389445223347,0.0,7903.035271272207
w_21st_guadalupe,11,3.0,21626,30.283985,-97.74198,1966.0,506.45769657699043,51.54577247951919,871.1585221748392,19,59.137809305661136,0.0,0.0
w_21st_university,19,3.0,25314,30.283535,-97.73953,1332.3157894736842,265.9471449576826,65.18331054753669,899.3447486905479,10,93.20646568114005,0.0,0.0
w_225_rio_grande,5,3.0,12942,30.28617,-97.745201,2588.4,709.9173172140984,83.24865192031746,645.6517436127667,21,102.02919907288597,0.0,0.0
w_22nd_pearl,23,3.0,24429,30.285384,-97.746661,1062.1304347826087,872.6912806060274,148.80631841848577,541.370620248068,18,168.0609004814375,0.0,575.6043155249369
w_23rd_san_gabriel,11,3.0,27560,30.287119781194694,-97.74793884604874,2505.454545454545,869.415428098658,134.38635931655685,364.2576712023919,11,159.68954145275222,0.0,47279.94569431496
w_26th_nueces,13,3.0,32920,30.290682,-97.742902,2532.3076923076924,300.2944860217314,52.49423969396123,387.55072842300365,11,66.53011557537334,0.0,38448.88081534963
w_28th_rio_grande,7,3.0,23098,30.293155,-97.744154,3299.714285714286,512.525976024004,81.374554499431,213.60032318516105,8,150.45659730141057,10559.804299332276,98771.14246573567
w_2nd_lavaca_at_city_hall,19,3.0,6136,30.26476,-97.746728,322.94736842105266,2240.614064254124,47.05766227566516,94.6761625061729,11,82.42753006610641,20855.898911367858,129319.80393607248
w_3rd_nueces,11,3.0,6744,30.266972,-97.749462,613.0909090909091,2156.7595055667493,62.235763197099416,70.55469502702341,15,76.44490060905738,27909.501295799506,133999.99417859523
w_3rd_west,11,3.0,7381,30.267756,-97.751763,671.0,2221.221980483056,91.92951628850572,76.807462566535,11,139.39281423210787,27036.287530879352,140762.36774684404
w_4th_congress,15,3.0,5405,30.266343,-97.743817,360.3333333333333,1970.6076788641958,52.218644147716965,331.13785806796835,9,113.86969553883151,0.0,41776.370143735876
w_5th_bowie,15,3.0,6551,30.26921,-97.753495,436.73333333333335,2217.386204333418,47.591353125773026,79.4333832827638,10,60.39226313906522,8852.099303922974,128818.39861759447
w_5th_campbell,15,3.0,3776,30.274782,-97.764786,251.7333333333333,2836.868502823984,77.73717502860568,265.89715306454906,17,89.03993888013356,83.30886690698222,116899.10321081446
w_7th_congress_(w_6th_congress),17,3.0,7929,30.268310763977247,-97.74287793292342,466.4117647058824,1734.1927894629414,118.82491710402904,378.92529061435886,5,150.60017265433396,0.0,20873.083629783956
w_6th_lavaca,7,2.0,1816,30.268949,-97.745223,259.42857142857144,1758.8045390815787,148.18274426434337,182.30631534618357,9,168.0522973784939,6369.3171992272455,20452.19239479804
w_6th_west,15,2.0,2286,30.270466,-97.750461,152.4,1913.009779833845,119.29222107155613,72.12650498737928,7,149.73433335452702,16632.458014532283,70464.46391829345
w_8th_congress,11,3.0,2804,30.269793,-97.742239,254.9090909090909,1558.3439579154137,82.76251051598511,247.97124804503665,4,111.34797288623611,1180.20624818892,16524.021694086547
w_9th_henderson,11,2.0,3415,30.272176,-97.752456,310.45454545454544,1924.6510678539748,135.7599676272297,83.01415270173088,2,202.62258485148033,30047.98915234788,49690.6271448715
zilker_park,15,3.0,3939,30.265882,-97.768312,262.6,3573.6513438030092,286.772044595373,0.0,0,306.4200327139788,237201.47959757646,771472.1120251905
