id,name,district,total_docks,trips_per_dock,ebs_station,is_ut,lat,lon,transit_nearby,nearest_transit_stop_dist_m,avg_dist_3_nearest_transit_stops_m,jobs_nearby_275m,housing_nearby_275m,housing_nearby_1000m,job_housing_ratio_275m,low_income_access_score,amenities_nearby,avg_dist_3_nearest_amenities_m,park_area_nearby,nearest_park_dist_m,bike_infra_score,retail_nearby,avg_dist_3_nearest_retail_m,entertainment_nearby,avg_dist_3_nearest_entertainment_m,tourism_nearby,avg_dist_3_nearest_tourism_m,nearest_station_dist_m,stations_within_500m,stations_within_1000m,avg_stations_dist_3_nearest_m,nearest_dining_hall_dist_m,nearest_dorm_dist_m,nearest_dorm_pop,dorm_pop_within_500m,dist_to_west_campus_center_m,in_ut_shape,dist_to_ut_shape_m,ut_shape_area_within_275m,ut_shape_share_of_275m_buffer,ut_shape_touches_275m_buffer,ut_shape_area_within_500m,ut_shape_share_of_500m_buffer,ut_shape_touches_500m_buffer,in_west_campus_shape,dist_to_west_campus_shape_m,west_campus_shape_area_within_275m,west_campus_shape_share_of_275m_buffer,west_campus_shape_touches_275m_buffer,west_campus_shape_area_within_500m,west_campus_shape_share_of_500m_buffer,west_campus_shape_touches_500m_buffer,in_north_campus_shape,dist_to_north_campus_shape_m,north_campus_shape_area_within_275m,north_campus_shape_share_of_275m_buffer,north_campus_shape_touches_275m_buffer,north_campus_shape_area_within_500m,north_campus_shape_share_of_500m_buffer,north_campus_shape_touches_500m_buffer,ut_x_dorm_pop_500m,ut_x_dining_dist,ut_x_transit,ut_x_housing_275m,ut_x_in_ut_shape,ut_x_in_west_campus_shape,ut_x_in_north_campus_shape,ut_x_ut_shape_share_275m,ut_x_west_campus_share_275m,ut_x_north_campus_share_275m
15,w_28th_rio_grande,9,7,3299.714285714286,0,1,30.29333,-97.74412,3,222.84,232.12,731.0,811.0,7691,0.9013563501849569,2.0,8,153.39,0,3408943.18,3.0,16,195.2,4,236.9,0,1040.08,315.57,1.0,7.0,530.53,521.29,423.19,588.0,588.0,626.31,0,328.15,0.0,0.0,0,32422.62,0.0413,1,1,0.0,223691.9,0.943,1,548817.79,0.6999,1,0,202.39,18268.83,0.077,1,146351.94,0.1866,1,588.0,521.29,3,811.0,0,1,0,0.0,0.943,0.077
10,w_22_5_rio_grande,9,5,2588.4,0,1,30.2862,-97.74516,1,176.83,263.41,893.0,1654.0,6712,0.5399032648125756,2.0,23,100.56,0,3408148.49,3.0,10,43.85,6,48.33,0,544.28,178.58,4.0,11.0,264.87,704.37,469.42,980.0,980.0,340.06,0,227.25,2414.91,0.0102,1,98527.91,0.1257,1,1,0.0,237201.48,1.0,1,653618.54,0.8336,1,0,736.94,0.0,0.0,0,0.0,0.0,0,980.0,704.37,1,1654.0,0,1,0,0.0102,1.0,0.0
8,e_21st_speedway_pcl,9,17,2579.470588235294,0,1,30.283,-97.7375,2,210.05,269.92,48.0,0.0,3957,48.0,2.0,7,106.94,0,3407942.81,3.0,8,42.17,2,130.31,1,318.89,204.23,3.0,12.0,376.18,64.92,67.46,1200.0,5103.0,1138.77,1,0.0,234020.28,0.9866,1,623390.94,0.795,1,0,202.48,12264.51,0.0517,1,78837.7,0.1005,1,0,724.58,0.0,0.0,0,0.0,0.0,0,5103.0,64.92,2,0.0,1,0,0,0.9866,0.0517,0.0
14,w_26th_nueces,9,13,2532.3076923076924,0,1,30.29068,-97.74292,5,108.59,130.43,1067.0,1053.0,8586,1.01329534662868,2.0,11,66.27,0,3408677.27,3.0,17,105.85,10,116.9,0,811.25,260.38,2.0,11.0,372.4,302.53,137.66,588.0,2172.0,502.43,0,152.2,45751.53,0.1929,1,173939.02,0.2218,1,1,0.0,193813.11,0.8171,1,511107.42,0.6518,1,0,213.77,5724.64,0.0241,1,99921.68,0.1274,1,2172.0,302.53,5,1053.0,0,1,0,0.1929,0.8171,0.0241
12,w_23rd_san_gabriel,9,11,2505.454545454545,0,1,30.2874,-97.7478,2,172.2,241.54,677.0,508.0,6543,1.3326771653543308,2.0,14,142.06,0,3408230.0,3.0,4,71.5,2,149.74,1,635.58,255.67,2.0,9.0,378.67,844.95,672.26,588.0,0.0,125.28,0,381.27,0.0,0.0,0,8934.12,0.0114,1,1,0.0,237201.48,1.0,1,760898.51,0.9704,1,0,807.45,0.0,0.0,0,0.0,0.0,0,0.0,844.95,2,508.0,0,1,0,0.0,1.0,0.0
7,w_21st_guadalupe,9,11,1966.0,0,1,30.28395,-97.74198,7,63.48,83.81,1811.0,654.0,5707,2.7691131498470947,2.0,19,56.03,0,3407962.86,3.0,31,51.18,16,60.18,1,374.99,190.83,5.0,11.0,275.16,506.43,74.83,980.0,2180.0,732.27,0,13.58,107163.7,0.4518,1,316485.74,0.4036,1,1,0.0,164601.82,0.6939,1,349439.57,0.4456,1,0,790.96,0.0,0.0,0,0.0,0.0,0,2180.0,506.43,7,654.0,0,1,0,0.4518,0.6939,0.0
43,dean_keeton_speedway,9,23,1449.6521739130435,0,1,30.28953,-97.73695,11,17.71,87.41,7.0,0.0,6032,7.0,2.0,1,291.78,0,3408663.13,3.0,2,254.72,1,277.56,0,639.65,334.14,2.0,11.0,419.63,293.21,252.89,270.0,2172.0,1021.15,1,0.0,219203.23,0.9241,1,528513.18,0.674,1,0,435.46,0.0,0.0,0,21224.79,0.0271,1,0,12.0,60642.31,0.2557,1,278049.52,0.3546,1,2172.0,293.21,11,0.0,1,0,0,0.9241,0.0,0.2557
9,w_21st_university,9,19,1332.3157894736842,0,1,30.28354,-97.73953,4,7.24,99.92,510.0,0.0,5011,510.0,2.0,8,156.06,0,3407963.8,3.0,11,177.77,5,182.51,1,300.07,204.23,3.0,12.0,254.93,266.47,179.93,980.0,4203.0,943.34,1,0.0,220299.38,0.9287,1,495319.35,0.6317,1,0,1.72,63454.48,0.2675,1,189664.47,0.2419,1,0,711.08,0.0,0.0,0,0.0,0.0,0,4203.0,266.47,4,0.0,1,0,0,0.9287,0.2675,0.0
55,guadalupe_west_mall_university_co_op,9,15,1244.9333333333334,0,1,30.285664,-97.741792,6,19.32,48.97,828.0,1444.0,7185,0.5734072022160664,2.0,14,127.85,0,3408152.74,3.0,26,27.46,9,59.94,1,483.97,190.83,5.0,13.0,280.25,560.48,242.79,980.0,2564.0,632.64,0,10.54,112810.36,0.4756,1,387529.57,0.4942,1,1,0.0,128010.38,0.5397,1,427619.3,0.5453,1,0,640.25,0.0,0.0,0,0.0,0.0,0,2564.0,560.48,6,1444.0,0,1,0,0.4756,0.5397,0.0
44,dean_keeton_whitis,9,19,1218.5263157894738,0,1,30.2898,-97.74041,6,83.85,96.27,552.0,440.0,7350,1.2545454545454546,2.0,3,210.28,0,3408628.19,3.0,18,116.74,9,116.74,0,745.22,260.38,3.0,12.0,357.27,99.47,31.81,900.0,2172.0,697.0,1,0.0,159303.73,0.6716,1,382345.61,0.4876,1,0,101.44,64148.14,0.2704,1,281382.75,0.3588,1,0,224.33,9858.96,0.0416,1,158905.51,0.2027,1,2172.0,99.47,6,440.0,1,0,0,0.6716,0.2704,0.0416
11,w_22nd_pearl,9,23,1062.1304347826087,0,1,30.2853,-97.7467,2,3.67,213.27,870.0,864.0,6875,1.0069444444444444,2.0,18,163.74,0,3408022.03,3.0,8,179.72,5,203.71,0,578.65,178.58,4.0,10.0,302.69,881.28,547.45,980.0,0.0,362.92,0,397.59,0.0,0.0,0,11220.7,0.0143,1,1,0.0,232699.71,0.981,1,626904.66,0.7995,1,0,902.2,0.0,0.0,0,0.0,0.0,0,0.0,881.28,2,864.0,0,1,0,0.0,0.981,0.0
63,rainey_cummings,9,19,800.2631578947369,0,0,30.255906,-97.739949,0,431.83,458.98,670.0,0.0,4549,670.0,2.0,6,72.9,0,3404951.01,3.0,7,82.21,5,106.6,0,832.55,572.74,0.0,8.0,627.44,3018.24,2894.94,130.0,0.0,3684.79,0,2235.26,0.0,0.0,0,0.0,0.0,0,0,2794.87,0.0,0.0,0,0.0,0.0,0,0,3700.02,0.0,0.0,0,0.0,0.0,0,0.0,0.0,0,0.0,0,0,0,0.0,0.0,0.0
20,w_3rd_west,9,11,671.0,0,0,30.2678,-97.75189,5,177.57,204.89,4622.0,3818.0,8216,1.2105814562598218,1.0,11,135.86,0,3406022.58,3.0,34,36.16,19,82.49,0,745.87,242.33,5.0,16.0,267.43,2222.88,2011.51,980.0,0.0,2332.78,0,1706.39,0.0,0.0,0,0.0,0.0,0,0,1754.06,0.0,0.0,0,0.0,0.0,0,0,2808.92,0.0,0.0,0,0.0,0.0,0,0.0,0.0,0,0.0,0,0,0,0.0,0.0,0.0
18,w_3rd_nueces,9,11,613.0909090909091,0,0,30.26697,-97.74929,6,15.69,136.2,10453.0,2065.0,6568,5.061985472154964,1.0,17,71.34,0,3405980.57,3.0,50,39.11,29,55.07,0,578.93,266.51,5.0,17.0,336.0,2144.05,1983.06,980.0,0.0,2392.43,0,1562.26,0.0,0.0,0,0.0,0.0,0,0,1769.37,0.0,0.0,0,0.0,0.0,0,0,2771.1,0.0,0.0,0,0.0,0.0,0,0.0,0.0,0,0.0,0,0,0,0.0,0.0,0.0
66,riverside_south_lamar,9,19,582.3684210526316,0,0,30.26446,-97.75665,1,191.4,286.2,2521.0,0.0,7666,2521.0,1.0,14,107.34,0,3405571.06,3.0,9,60.11,7,64.4,0,938.96,338.07,1.0,10.0,480.33,2804.15,2570.09,980.0,0.0,2806.04,0,2293.06,0.0,0.0,0,0.0,0.0,0,0,2174.61,0.0,0.0,0,0.0,0.0,0,0,3368.29,0.0,0.0,0,0.0,0.0,0,0.0,0.0,0,0.0,0,0,0,0.0,0.0,0.0
51,e_6th_medina,3,11,572.1818181818181,0,0,30.26455,-97.73165,3,157.47,184.4,3786.0,0.0,4804,3786.0,2.0,10,84.6,0,3406045.44,4.0,37,32.68,17,33.91,1,294.68,484.17,1.0,12.0,547.15,2104.7,1909.1,900.0,0.0,3061.18,0,1138.35,0.0,0.0,0,0.0,0.0,0,0,1999.55,0.0,0.0,0,0.0,0.0,0,0,2559.46,0.0,0.0,0,0.0,0.0,0,0.0,0.0,0,0.0,0,0,0,0.0,0.0,0.0
60,nash_hernandez_east_rbj_south,3,11,569.3636363636364,0,0,30.252,-97.7346,2,155.03,215.83,46.0,338.0,3601,0.13609467455621302,3.0,1,233.43,0,3404625.85,4.0,1,325.11,0,608.12,0,1412.91,672.53,0.0,1.0,997.87,3442.71,3293.44,900.0,0.0,4231.47,0,2543.92,0.0,0.0,0,0.0,0.0,0,0,3267.25,0.0,0.0,0,0.0,0.0,0,0,3979.0,0.0,0.0,0,0.0,0.0,0,0.0,0.0,0,0.0,0,0,0,0.0,0.0,0.0
62,plaza_saltillo,3,15,502.8,0,0,30.26217,-97.72743,3,16.32,167.54,2578.0,1641.0,3570,1.570993296770262,2.0,7,90.94,0,3405865.29,3.0,50,60.49,31,79.89,0,651.34,299.05,4.0,8.0,407.02,2479.26,2241.95,900.0,0.0,3499.09,0,1462.77,0.0,0.0,0,0.0,0.0,0,0,2417.27,0.0,0.0,0,0.0,0.0,0,0,2778.75,0.0,0.0,0,0.0,0.0,0,0.0,0.0,0,0.0,0,0,0,0.0,0.0,0.0
58,lakeshore_lady_bird_ln,3,11,474.3636363636364,0,0,30.24478312140979,-97.72319224423872,0,417.55,474.87,28.0,0.0,4749,28.0,2.0,2,252.51,0,3404053.88,3.0,1,356.65,0,494.31,0,1448.45,620.89,0.0,1.0,1105.19,4434.17,4210.08,900.0,0.0,5380.1,0,3429.75,0.0,0.0,0,0.0,0.0,0,0,4335.26,0.0,0.0,0,0.0,0.0,0,0,4716.58,0.0,0.0,0,0.0,0.0,0,0.0,0.0,0,0.0,0,0,0,0.0,0.0,0.0
92,w_7th_congress_w_6th_congress,9,17,466.4117647058824,1,0,30.26822,-97.74285,5,130.16,166.77,33231.0,0.0,4559,33231.0,1.0,5,148.35,0,3406236.13,3.0,84,27.01,60,27.01,2,184.61,199.34,7.0,19.0,222.6,1738.1,1643.04,130.0,0.0,2291.76,0,1048.93,0.0,0.0,0,0.0,0.0,0,0,1458.65,0.0,0.0,0,0.0,0.0,0,0,2429.88,0.0,0.0,0,0.0,0.0,0,0.0,0.0,0,0.0,0,0,0,0.0,0.0,0.0
13,e_23rd_san_jacinto_dkr_stadium,9,23,459.0,0,1,30.2856,-97.7335,8,6.29,27.89,472.0,0.0,3259,472.0,2.0,5,124.64,0,3408299.93,3.0,8,156.15,3,195.46,2,323.0,413.6,2.0,8.0,477.52,429.1,373.26,390.0,4313.0,1384.44,1,0.0,237201.48,1.0,1,755624.98,0.9636,1,0,622.96,0.0,0.0,0,0.0,0.0,0,0,410.16,0.0,0.0,0,35006.98,0.0446,1,4313.0,429.1,8,0.0,1,0,0,1.0,0.0,0.0
59,lakeshore_pleasant_valley,3,15,448.4,0,0,30.24258,-97.71726,2,41.63,133.41,0.0,0.0,4293,0.0,2.0,6,198.23,0,3403925.18,3.0,0,415.2,0,746.94,0,1507.26,620.89,0.0,1.0,1238.6,4859.26,4608.73,900.0,0.0,5862.3,0,3836.13,0.0,0.0,0,0.0,0.0,0,0,4793.51,0.0,0.0,0,0.0,0.0,0,0,5030.86,0.0,0.0,0,0.0,0.0,0,0.0,0.0,0,0.0,0,0,0,0.0,0.0,0.0
64,rainey_driskill,9,11,444.45454545454544,0,0,30.260814,-97.738086,2,92.53,170.53,605.0,1901.0,6524,0.31825355076275647,2.0,9,96.31,0,3405519.37,2.0,22,22.82,17,44.71,0,595.95,563.2,0.0,11.0,591.4,2462.23,2334.58,130.0,0.0,3199.36,0,1662.63,0.0,0.0,0,0.0,0.0,0,0,2257.38,0.0,0.0,0,0.0,0.0,0,0,3127.69,0.0,0.0,0,0.0,0.0,0,0.0,0.0,0,0.0,0,0,0,0.0,0.0,0.0
24,w_5th_bowie,9,15,436.73333333333335,0,0,30.2696,-97.75332,7,67.32,137.41,7488.0,2318.0,8216,3.2303710094909404,1.0,9,80.44,0,3406191.81,3.0,35,41.0,11,41.0,0,595.92,242.33,5.0,10.0,276.12,2174.05,1920.47,980.0,0.0,2168.26,0,1729.23,0.0,0.0,0,0.0,0.0,0,0,1564.62,0.0,0.0,0,0.0,0.0,0,0,2717.95,0.0,0.0,0,0.0,0.0,0,0.0,0.0,0,0.0,0,0,0,0.0,0.0,0.0
16,e_2nd_congress,9,15,426.6666666666667,0,0,30.26408,-97.74355,3,124.41,215.56,10003.0,0.0,6888,10003.0,1.0,11,80.4,0,3405772.91,3.0,67,50.31,42,56.22,2,206.39,169.6,5.0,20.0,246.94,2194.94,2093.96,130.0,0.0,2733.08,0,1485.13,0.0,0.0,0,0.0,0.0,0,0,1921.93,0.0,0.0,0,0.0,0.0,0,0,2891.89,0.0,0.0,0,0.0,0.0,0,0.0,0.0,0,0.0,0,0,0,0.0,0.0,0.0
54,electric_drive_pfluger_ped_bridge,9,19,409.3157894736842,0,0,30.267064,-97.75482,4,140.69,155.15,653.0,2318.0,8216,0.2817083692838654,1.0,8,115.67,0,3405888.19,3.0,13,98.24,5,139.88,0,792.48,293.45,3.0,11.0,315.82,2473.77,2232.71,980.0,0.0,2477.96,0,1988.76,0.0,0.0,0,0.0,0.0,0,0,1859.89,0.0,0.0,0,0.0,0.0,0,0,3030.76,0.0,0.0,0,0.0,0.0,0,0.0,0.0,0,0.0,0,0,0,0.0,0.0,0.0
29,w_16th_san_antonio,9,11,380.45454545454544,0,0,30.27924,-97.74371,7,101.19,147.3,6343.0,0.0,3720,6343.0,1.0,5,193.77,0,3407418.53,2.0,7,118.91,4,147.14,0,568.8,547.91,0.0,12.0,633.27,783.2,521.82,980.0,0.0,1089.14,0,349.9,0.0,0.0,0,34415.36,0.0439,1,0,312.12,0.0,0.0,0,96505.65,0.1231,1,0,1316.94,0.0,0.0,0,0.0,0.0,0,0.0,0.0,0,0.0,0,0,0,0.0,0.0,0.0
57,lake_austin_blvd_deep_eddy,10,11,368.8181818181818,0,0,30.27807,-97.77272,5,146.12,164.49,989.0,0.0,1141,989.0,1.0,2,286.24,0,3406753.89,3.0,7,37.62,4,37.67,0,964.52,482.45,1.0,2.0,911.96,3455.48,3072.25,980.0,0.0,2687.24,0,2981.17,0.0,0.0,0,0.0,0.0,0,0,2055.17,0.0,0.0,0,0.0,0.0,0,0,3397.92,0.0,0.0,0,0.0,0.0,0,0.0,0.0,0,0.0,0,0,0,0.0,0.0,0.0
71,south_congress_barton_springs,9,11,363.8181818181818,0,0,30.25839,-97.74592,2,243.36,265.69,4726.0,428.0,6161,11.042056074766355,1.0,2,270.76,0,3405110.11,3.0,15,69.1,6,166.92,2,354.12,305.54,3.0,12.0,366.73,2864.96,2764.54,130.0,0.0,3340.63,0,2153.95,0.0,0.0,0,0.0,0.0,0,0,2586.05,0.0,0.0,0,0.0,0.0,0,0,3558.47,0.0,0.0,0,0.0,0.0,0,0.0,0.0,0,0.0,0,0,0,0.0,0.0,0.0
21,w_4th_congress,9,15,360.3333333333333,0,0,30.26634,-97.74378,4,204.1,221.77,22051.0,687.0,6460,32.09752547307132,1.0,9,113.75,0,3406014.4,3.0,97,36.39,68,56.46,3,104.03,226.76,8.0,21.0,264.54,1964.44,1869.8,130.0,0.0,2481.98,0,1273.44,0.0,0.0,0,0.0,0.0,0,0,1681.2,0.0,0.0,0,0.0,0.0,0,0,2653.83,0.0,0.0,0,0.0,0.0,0,0.0,0.0,0,0.0,0,0,0,0.0,0.0,0.0
52,e_6th_pedernales,3,11,345.1818181818182,0,0,30.25895,-97.71475,3,225.87,248.79,1227.0,0.0,3954,1227.0,2.0,1,259.27,0,3405751.87,2.0,8,47.62,5,47.62,0,484.11,431.84,1.0,4.0,595.57,3407.87,3100.24,900.0,0.0,4544.48,0,2402.77,0.0,0.0,0,0.0,0.0,0,0,3446.18,0.0,0.0,0,0.0,0.0,0,0,3337.34,0.0,0.0,0,0.0,0.0,0,0.0,0.0,0,0.0,0,0,0,0.0,0.0,0.0
41,cesar_chavez_congress,9,11,335.90909090909093,0,0,30.26332,-97.74508,3,121.75,142.26,6452.0,0.0,6999,6452.0,1.0,8,95.28,0,3405661.83,3.0,48,106.15,24,127.0,1,297.05,169.6,3.0,19.0,251.81,2321.74,2226.68,130.0,0.0,2800.46,0,1626.46,0.0,0.0,0,0.0,0.0,0,0,2035.97,0.0,0.0,0,0.0,0.0,0,0,3009.48,0.0,0.0,0,0.0,0.0,0,0.0,0.0,0,0.0,0,0,0,0.0,0.0,0.0
37,barton_springs_bouldin_palmer_auditorium,9,15,335.8,0,0,30.25966,-97.753445,5,32.73,41.07,3647.0,993.0,6891,3.6727089627391742,1.0,3,219.34,0,3405108.49,3.0,6,144.69,3,189.06,0,856.05,359.12,2.0,12.0,485.93,3041.65,2885.16,980.0,0.0,3247.17,0,2421.18,0.0,0.0,0,0.0,0.0,0,0,2660.8,0.0,0.0,0,0.0,0.0,0,0,3674.5,0.0,0.0,0,0.0,0.0,0,0.0,0.0,0,0.0,0,0,0,0.0,0.0,0.0
36,barton_springs_pool,8,11,328.45454545454544,0,0,30.26452,-97.7712,0,321.83,371.05,34.0,0.0,2358,34.0,1.0,4,143.9,0,3405308.19,2.0,3,147.48,1,560.6,1,371.38,324.94,3.0,3.0,350.35,3890.48,3555.73,980.0,0.0,3501.62,0,3413.32,0.0,0.0,0,0.0,0.0,0,0,2808.87,0.0,0.0,0,0.0,0.0,0,0,4187.48,0.0,0.0,0,0.0,0.0,0,0.0,0.0,0,0.0,0,0,0,0.0,0.0,0.0
17,w_2nd_lavaca_city_hall,9,19,322.94736842105266,0,0,30.26476,-97.74678,5,111.62,116.66,9148.0,1252.0,9890,7.306709265175719,1.0,11,82.27,0,3405786.85,3.0,76,27.98,40,64.55,0,350.64,228.52,5.0,21.0,295.29,2237.48,2140.52,980.0,0.0,2632.08,0,1579.04,0.0,0.0,0,0.0,0.0,0,0,1930.72,0.0,0.0,0,0.0,0.0,0,0,2905.56,0.0,0.0,0,0.0,0.0,0,0.0,0.0,0,0.0,0,0,0,0.0,0.0,0.0
87,dean_keeton_robert_dedman_dr,1,11,316.0,0,1,30.28785,-97.728541,5,22.87,94.69,249.0,0.0,3787,249.0,1.0,4,214.89,0,3408636.89,3.0,7,131.74,3,221.78,0,639.12,461.73,1.0,3.0,609.98,960.03,233.88,190.0,190.0,1825.0,1,0.0,132464.25,0.5584,1,366122.63,0.4669,1,0,1159.33,0.0,0.0,0,0.0,0.0,0,0,19.48,77501.06,0.3267,1,215281.49,0.2745,1,190.0,960.03,5,0.0,1,0,0,0.5584,0.0,0.3267
35,w_9th_henderson,9,11,310.45454545454544,0,0,30.27217,-97.75246,5,103.82,124.93,6526.0,0.0,7206,6526.0,1.0,2,202.49,0,3406487.25,2.0,24,86.94,9,146.13,0,512.44,273.99,3.0,9.0,352.68,1924.97,1645.84,980.0,0.0,1871.73,0,1484.83,0.0,0.0,0,0.0,0.0,0,0,1275.76,0.0,0.0,0,0.0,0.0,0,0,2439.32,0.0,0.0,0,0.0,0.0,0,0.0,0.0,0,0.0,0,0,0,0.0,0.0,0.0
23,e_5th_neches_downtown_station,9,15,294.6,0,0,30.265843991099903,-97.73891781267967,5,87.37,134.56,3492.0,925.0,4682,3.775135135135135,1.0,7,64.29,0,3406050.86,3.0,81,42.16,67,87.07,3,60.18,345.66,5.0,18.0,395.88,1912.42,1790.59,130.0,0.0,2643.26,0,1153.42,0.0,0.0,0,0.0,0.0,0,0,1695.85,0.0,0.0,0,0.0,0.0,0,0,2630.84,0.0,0.0,0,0.0,0.0,0,0.0,0.0,0,0.0,0,0,0,0.0,0.0,0.0
68,s_1st_riverside_long_center,9,15,289.6666666666667,0,0,30.259384,-97.749726,7,9.0,38.58,1166.0,0.0,5236,1166.0,1.0,3,150.28,0,3405147.51,3.0,6,149.57,3,164.12,0,532.94,204.84,3.0,14.0,315.45,2897.3,2790.27,980.0,0.0,3234.1,0,2230.43,0.0,0.0,0,0.0,0.0,0,0,2585.36,0.0,0.0,0,0.0,0.0,0,0,3562.22,0.0,0.0,0,0.0,0.0,0,0.0,0.0,0,0.0,0,0,0,0.0,0.0,0.0
42,dean_keeton_park_place,9,15,288.8666666666667,0,1,30.28931,-97.733037,6,143.58,150.46,23359.0,0.0,4776,23359.0,2.0,5,142.18,0,3408711.97,3.0,1,284.42,0,298.06,1,575.87,377.16,3.0,8.0,417.5,662.17,245.13,190.0,190.0,1394.01,0,5.44,135283.84,0.5703,1,457208.18,0.5831,1,0,812.62,0.0,0.0,0,0.0,0.0,0,1,0.0,120455.05,0.5078,1,383821.87,0.4895,1,190.0,662.17,6,0.0,0,0,1,0.5703,0.0,0.5078
2,w_11th_congress_the_texas_capitol,9,11,283.09090909090907,0,0,30.2726,-97.74127,2,249.51,270.97,8836.0,0.0,4809,8836.0,1.0,5,233.37,0,3406741.79,3.0,11,84.32,3,132.78,1,347.99,272.92,6.0,16.0,303.17,1229.9,1138.73,130.0,0.0,1861.35,0,571.84,0.0,0.0,0,0.0,0.0,0,0,954.27,0.0,0.0,0,0.0,0.0,0,0,1922.46,0.0,0.0,0,0.0,0.0,0,0.0,0.0,0,0.0,0,0,0,0.0,0.0,0.0
75,veterans_atlanta_mopac_ped_bridge,9,19,280.7894736842105,0,0,30.274475,-97.769892,1,249.28,323.55,0.0,0.0,1141,0.0,1.0,12,65.86,0,3406415.14,3.0,0,421.6,0,443.95,0,821.65,482.45,2.0,3.0,645.16,3318.78,2917.58,980.0,0.0,2656.23,0,2809.55,0.0,0.0,0,0.0,0.0,0,0,1993.7,0.0,0.0,0,0.0,0.0,0,0,3368.76,0.0,0.0,0,0.0,0.0,0,0.0,0.0,0,0.0,0,0,0,0.0,0.0,0.0
56,hollow_creek_barton_hills,5,11,277.0,0,0,30.26139,-97.77234,0,646.73,688.75,26.0,0.0,2827,26.0,1.0,7,87.03,0,3404946.68,2.0,2,290.26,0,725.73,0,595.43,328.15,2.0,3.0,443.31,4173.16,3855.4,980.0,0.0,3839.0,0,3707.54,0.0,0.0,0,0.0,0.0,0,0,3146.21,0.0,0.0,0,0.0,0.0,0,0,4517.19,0.0,0.0,0,0.0,0.0,0,0.0,0.0,0,0.0,0,0,0,0.0,0.0,0.0
74,south_congress_mary,9,11,271.72727272727275,0,0,30.244961,-97.751272,2,9.06,200.94,959.0,1121.0,3744,0.855486173059768,1.0,10,114.43,0,3403550.32,3.0,20,55.42,7,118.46,0,1184.02,449.89,1.0,3.0,666.81,4439.64,4339.29,130.0,0.0,4839.16,0,3726.39,0.0,0.0,0,0.0,0.0,0,0,4155.51,0.0,0.0,0,0.0,0.0,0,0,5129.48,0.0,0.0,0,0.0,0.0,0,0.0,0.0,0,0.0,0,0,0,0.0,0.0,0.0
76,zilker_park,8,15,262.6,0,0,30.2659,-97.76822,2,31.18,175.12,51.0,0.0,2568,51.0,1.0,0,307.08,0,3405513.4,3.0,1,297.83,0,510.5,1,300.37,324.94,2.0,5.0,471.37,3566.28,3234.44,980.0,0.0,3201.06,0,3090.74,0.0,0.0,0,0.0,0.0,0,0,2508.28,0.0,0.0,0,0.0,0.0,0,0,3880.37,0.0,0.0,0,0.0,0.0,0,0.0,0.0,0,0.0,0,0,0,0.0,0.0,0.0
28,w_6th_lavaca,9,7,259.42857142857144,0,0,30.268887,-97.745242,15,32.77,66.51,13709.0,687.0,6877,19.954876273653568,1.0,9,164.59,0,3406264.22,2.0,45,43.22,39,43.22,1,293.91,205.02,6.0,20.0,254.04,1761.88,1661.23,980.0,0.0,2184.59,0,1133.18,0.0,0.0,0,0.0,0.0,0,0,1449.99,0.0,0.0,0,0.0,0.0,0,0,2424.97,0.0,0.0,0,0.0,0.0,0,0.0,0.0,0,0.0,0,0,0,0.0,0.0,0.0
31,w_8th_congress,9,11,254.9090909090909,0,0,30.2698,-97.74186,8,12.66,132.94,28537.0,0.0,5374,28537.0,1.0,5,111.31,0,3406426.34,3.0,55,15.18,36,17.33,1,283.78,199.34,7.0,18.0,258.43,1541.56,1444.53,130.0,0.0,2142.41,0,850.07,0.0,0.0,0,0.0,0.0,0,0,1269.57,0.0,0.0,0,0.0,0.0,0,0,2237.68,0.0,0.0,0,0.0,0.0,0,0.0,0.0,0,0.0,0,0,0,0.0,0.0,0.0
38,barton_springs_kinney,9,11,252.1818181818182,0,0,30.262,-97.76118,3,55.38,120.75,859.0,0.0,7316,859.0,1.0,11,109.33,0,3405219.56,3.0,23,47.87,20,47.87,0,773.56,514.08,0.0,5.0,684.14,3303.19,3049.42,980.0,0.0,3218.4,0,2806.68,0.0,0.0,0,0.0,0.0,0,0,2556.85,0.0,0.0,0,0.0,0.0,0,0,3830.13,0.0,0.0,0,0.0,0.0,0,0.0,0.0,0,0.0,0,0,0,0.0,0.0,0.0
25,w_5th_campbell,9,15,251.7333333333333,0,0,30.27489,-97.76483,4,15.08,116.9,1780.0,0.0,3380,1780.0,1.0,17,92.86,0,3406553.9,3.0,15,44.68,5,46.27,0,797.63,489.12,1.0,2.0,791.45,2840.54,2447.51,980.0,0.0,2248.16,0,2333.24,0.0,0.0,0,0.0,0.0,0,0,1565.85,0.0,0.0,0,0.0,0.0,0,0,2953.14,0.0,0.0,0,0.0,0.0,0,0.0,0.0,0,0.0,0,0,0,0.0,0.0,0.0
49,e_5th_broadway,3,15,239.53333333333333,0,0,30.2563,-97.71007,2,130.75,216.89,692.0,1122.0,3242,0.6167557932263814,2.0,3,159.22,0,3405551.27,3.0,5,115.07,0,402.17,1,463.19,537.61,0.0,2.0,832.3,3921.78,3606.38,900.0,0.0,5069.74,0,2851.99,0.0,0.0,0,0.0,0.0,0,0,3972.96,0.0,0.0,0,0.0,0.0,0,0,3781.47,0.0,0.0,0,0.0,0.0,0,0.0,0.0,0,0.0,0,0,0,0.0,0.0,0.0
45,e_11th_san_marcos,1,11,239.1818181818182,0,0,30.26968,-97.73074,5,52.16,73.17,526.0,0.0,3865,526.0,2.0,8,107.46,0,3406620.2,2.0,8,87.76,2,189.78,3,166.63,234.34,2.0,13.0,429.26,1588.11,1358.41,900.0,0.0,2636.31,0,578.18,0.0,0.0,0,0.0,0.0,0,0,1542.3,0.0,0.0,0,0.0,0.0,0,0,1984.67,0.0,0.0,0,0.0,0.0,0,0.0,0.0,0,0.0,0,0,0,0.0,0.0,0.0
73,south_congress_james,9,7,222.28571428571428,0,0,30.25103,-97.74926,3,71.67,163.37,1168.0,0.0,4493,1168.0,1.0,5,102.78,0,3404247.68,3.0,20,25.29,10,35.65,0,920.44,152.92,3.0,7.0,289.64,3740.3,3641.11,130.0,0.0,4156.34,0,3030.38,0.0,0.0,0,0.0,0.0,0,0,3455.63,0.0,0.0,0,0.0,0.0,0,0,4429.55,0.0,0.0,0,0.0,0.0,0,0.0,0.0,0,0.0,0,0,0,0.0,0.0,0.0
39,barton_springs_azie_morton,9,15,221.86666666666667,1,0,30.261881964956064,-97.76897665654796,0,456.0,486.84,40.0,0.0,5855,40.0,1.0,9,92.62,0,3405062.39,2.0,2,235.88,0,542.81,1,403.61,328.15,3.0,4.0,380.55,3879.48,3574.69,980.0,0.0,3601.62,0,3422.87,0.0,0.0,0,0.0,0.0,0,0,2911.34,0.0,0.0,0,0.0,0.0,0,0,4266.69,0.0,0.0,0,0.0,0.0,0,0.0,0.0,0,0.0,0,0,0,0.0,0.0,0.0
69,south_congress_bouldin_creek,9,15,220.8,0,0,30.25495,-97.74755,5,45.88,99.2,1790.0,0.0,3984,1790.0,1.0,2,227.86,0,3404705.74,3.0,14,94.84,5,189.26,0,744.32,312.99,4.0,9.0,351.64,3276.07,3176.54,130.0,0.0,3718.43,0,2566.16,0.0,0.0,0,0.0,0.0,0,0,2993.6,0.0,0.0,0,0.0,0.0,0,0,3967.01,0.0,0.0,0,0.0,0.0,0,0.0,0.0,0,0.0,0,0,0,0.0,0.0,0.0
26,e_6th_chalmers,3,11,219.1818181818182,0,0,30.26269,-97.72438,6,179.53,188.55,1815.0,0.0,4953,1815.0,3.0,6,154.41,0,3405978.7,2.0,50,27.02,32,27.02,0,740.9,299.05,4.0,8.0,322.09,2549.51,2282.31,900.0,0.0,3623.48,0,1520.59,0.0,0.0,0,0.0,0.0,0,0,2528.31,0.0,0.0,0,0.0,0.0,0,0,2728.92,0.0,0.0,0,0.0,0.0,0,0.0,0.0,0,0.0,0,0,0,0.0,0.0,0.0
32,e_8th_lavaca,9,7,215.57142857142856,0,0,30.27059,-97.74441,11,18.93,26.75,10971.0,0.0,5374,10971.0,1.0,5,162.87,0,3406464.87,2.0,21,153.1,14,159.27,2,281.23,205.02,5.0,21.0,256.01,1557.54,1459.85,980.0,0.0,2007.14,0,944.76,0.0,0.0,0,0.0,0.0,0,0,1245.66,0.0,0.0,0,0.0,0.0,0,0,2220.36,0.0,0.0,0,0.0,0.0,0,0.0,0.0,0,0.0,0,0,0,0.0,0.0,0.0
70,south_congress_academy,9,11,189.72727272727272,0,0,30.25226,-97.74854,2,30.09,156.78,2897.0,0.0,4493,2897.0,1.0,6,75.43,0,3404394.82,3.0,16,98.43,6,146.92,0,864.0,152.92,3.0,9.0,289.9,3589.04,3489.2,130.0,0.0,4017.82,0,2877.89,0.0,0.0,0,0.0,0.0,0,0,3306.08,0.0,0.0,0,0.0,0.0,0,0,4279.69,0.0,0.0,0,0.0,0.0,0,0.0,0.0,0,0.0,0,0,0,0.0,0.0,0.0
33,e_8th_red_river,9,11,186.9090909090909,0,0,30.26854,-97.73646,3,137.43,181.13,5207.0,309.0,2680,16.851132686084142,1.0,7,109.24,0,3406389.75,2.0,54,21.61,43,21.61,2,278.11,199.45,4.0,17.0,266.51,1603.28,1470.31,130.0,0.0,2453.93,0,798.24,0.0,0.0,0,0.0,0.0,0,0,1432.51,0.0,0.0,0,0.0,0.0,0,0,2276.3,0.0,0.0,0,0.0,0.0,0,0.0,0.0,0,0.0,0,0,0,0.0,0.0,0.0
72,south_congress_elizabeth,9,11,178.63636363636363,0,0,30.24891,-97.75019,2,38.22,148.71,1513.0,0.0,3415,1513.0,1.0,1,311.43,0,3403999.86,3.0,28,41.36,12,51.14,0,1030.08,251.43,3.0,5.0,368.38,3991.55,3892.53,130.0,0.0,4395.48,0,3281.68,0.0,0.0,0,0.0,0.0,0,0,3705.9,0.0,0.0,0,0.0,0.0,0,0,4680.0,0.0,0.0,0,0.0,0.0,0,0.0,0.0,0,0.0,0,0,0,0.0,0.0,0.0
53,e_6th_chicon,3,11,171.63636363636363,0,0,30.259718,-97.723198,4,36.64,83.71,735.0,0.0,4684,735.0,2.0,10,50.06,0,3405677.61,2.0,12,164.26,11,212.87,0,772.98,53.89,3.0,7.0,297.3,2894.26,2630.2,900.0,0.0,3954.94,0,1865.72,0.0,0.0,0,0.0,0.0,0,0,2863.3,0.0,0.0,0,0.0,0.0,0,0,3067.61,0.0,0.0,0,0.0,0.0,0,0.0,0.0,0,0.0,0,0,0,0.0,0.0,0.0
47,e_2nd_pedernales,3,11,162.0909090909091,0,0,30.25542,-97.71665,2,111.9,209.18,197.0,966.0,3415,0.2039337474120083,3.0,3,192.84,0,3405332.57,2.0,11,125.58,6,175.34,1,322.05,431.84,1.0,4.0,620.75,3620.78,3333.41,900.0,0.0,4717.0,0,2595.73,0.0,0.0,0,0.0,0.0,0,0,3619.74,0.0,0.0,0,0.0,0.0,0,0,3654.92,0.0,0.0,0,0.0,0.0,0,0.0,0.0,0,0.0,0,0,0,0.0,0.0,0.0
6,e_13th_trinity_waterloo_greenway,9,11,154.0909090909091,0,0,30.2741,-97.73666,3,161.21,165.82,1016.0,0.0,1697,1016.0,1.0,2,281.42,0,3406990.63,3.0,3,66.36,1,266.39,0,477.27,153.45,4.0,14.0,296.83,986.8,855.77,130.0,0.0,1906.43,0,215.0,12550.56,0.0529,1,120478.81,0.1536,1,0,837.14,0.0,0.0,0,0.0,0.0,0,0,1702.83,0.0,0.0,0,0.0,0.0,0,0.0,0.0,0,0.0,0,0,0,0.0,0.0,0.0
30,w_6th_west,9,15,152.4,0,0,30.27041,-97.75046,5,10.81,111.07,4888.0,1500.0,7206,3.2586666666666666,1.0,6,146.39,0,3406332.96,2.0,39,15.27,36,15.27,0,617.75,273.99,4.0,15.0,294.57,1915.73,1692.45,980.0,0.0,2025.08,0,1442.48,0.0,0.0,0,0.0,0.0,0,0,1437.33,0.0,0.0,0,0.0,0.0,0,0,2490.34,0.0,0.0,0,0.0,0.0,0,0.0,0.0,0,0.0,0,0,0,0.0,0.0,0.0
1,e_10th_red_river,9,15,149.26666666666668,0,0,30.27024,-97.73578,2,99.85,167.52,3019.0,309.0,3495,9.770226537216828,1.0,4,112.33,0,3406587.26,2.0,17,63.15,14,73.1,1,316.0,199.45,6.0,15.0,279.35,1418.02,1281.4,130.0,0.0,2316.64,0,598.91,0.0,0.0,0,0.0,0.0,0,0,1268.53,0.0,0.0,0,0.0,0.0,0,0,2077.8,0.0,0.0,0,0.0,0.0,0,0.0,0.0,0,0.0,0,0,0,0.0,0.0,0.0
48,e_4th_chicon,3,19,141.73684210526315,0,0,30.25987,-97.72373,4,41.89,85.27,1351.0,0.0,4314,1351.0,2.0,10,79.45,0,3405684.21,2.0,12,166.81,10,209.08,0,792.87,53.89,3.0,7.0,270.16,2856.32,2595.64,900.0,0.0,3911.22,0,1828.41,0.0,0.0,0,0.0,0.0,0,0,2820.88,0.0,0.0,0,0.0,0.0,0,0,3045.7,0.0,0.0,0,0.0,0.0,0,0.0,0.0,0,0.0,0,0,0,0.0,0.0,0.0
3,e_11th_salina,1,11,121.0909090909091,0,0,30.26638,-97.7214,5,84.51,133.92,308.0,0.0,4296,308.0,2.0,3,144.35,0,3406435.51,2.0,2,240.05,1,308.64,0,641.8,393.89,2.0,7.0,543.23,2365.16,2058.64,900.0,0.0,3509.15,0,1367.21,0.0,0.0,0,0.0,0.0,0,0,2413.43,0.0,0.0,0,0.0,0.0,0,0,2365.8,0.0,0.0,0,0.0,0.0,0,0.0,0.0,0,0.0,0,0,0,0.0,0.0,0.0
61,one_texas_center,9,15,113.53333333333332,0,0,30.257653,-97.74898,9,117.71,129.45,257.0,0.0,4549,257.0,1.0,3,235.15,0,3404973.12,3.0,9,161.49,2,213.67,0,567.35,204.84,4.0,11.0,280.01,3043.43,2953.26,130.0,0.0,3421.81,0,2357.62,0.0,0.0,0,0.0,0.0,0,0,2745.06,0.0,0.0,0,0.0,0.0,0,0,3719.48,0.0,0.0,0,0.0,0.0,0,0.0,0.0,0,0.0,0,0,0,0.0,0.0,0.0
67,rosewood_angelina,1,11,104.8181818181818,0,0,30.26888,-97.72431,3,18.2,100.17,141.0,639.0,4813,0.22065727699530516,2.0,13,96.0,0,3406653.05,2.0,10,30.32,5,30.32,1,340.85,393.89,2.0,6.0,471.93,1974.26,1673.46,900.0,0.0,3115.27,0,973.51,0.0,0.0,0,0.0,0.0,0,0,2019.85,0.0,0.0,0,0.0,0.0,0,0,2046.54,0.0,0.0,0,0.0,0.0,0,0.0,0.0,0,0.0,0,0,0,0.0,0.0,0.0
4,e_11th_san_jacinto,9,11,100.54545454545456,0,0,30.27193,-97.73854,3,38.41,117.6,15006.0,309.0,3309,48.56310679611651,3.0,4,112.44,0,3406719.69,3.0,3,162.16,1,298.22,1,301.78,179.04,7.0,15.0,250.96,1238.32,1120.88,130.0,0.0,2028.69,0,498.1,0.0,0.0,0,44.03,0.0001,1,0,1026.8,0.0,0.0,0,0.0,0.0,0,0,1955.56,0.0,0.0,0,0.0,0.0,0,0.0,0.0,0,0.0,0,0,0,0.0,0.0,0.0
5,e_12th_san_jacinto_state_cap_visitors_garage,9,11,99.36363636363636,0,0,30.273499,-97.738097,4,126.36,134.63,1688.0,0.0,2622,1688.0,2.0,2,169.36,0,3406898.55,2.0,4,170.21,1,308.13,1,405.39,153.45,4.0,14.0,217.86,1060.46,941.88,130.0,0.0,1892.71,0,319.44,0.0,0.0,0,46603.79,0.0594,1,0,861.89,0.0,0.0,0,0.0,0.0,0,0,1778.91,0.0,0.0,0,0.0,0.0,0,0.0,0.0,0,0.0,0,0,0,0.0,0.0,0.0
34,e_8th_trinity,9,15,95.66666666666669,0,0,30.26895625697814,-97.7386856328997,6,20.39,57.42,21083.0,309.0,3309,68.22977346278317,1.0,4,196.83,0,3406393.61,3.0,71,136.34,61,136.34,2,274.52,219.03,7.0,19.0,284.02,1567.11,1446.76,130.0,0.0,2326.13,0,817.2,0.0,0.0,0,0.0,0.0,0,0,1353.22,0.0,0.0,0,0.0,0.0,0,0,2285.2,0.0,0.0,0,0.0,0.0,0,0.0,0.0,0,0.0,0,0,0,0.0,0.0,0.0
46,e_11th_waller,1,11,84.63636363636364,0,0,30.26899800040119,-97.72843433423913,3,72.9,93.4,501.0,0.0,3865,501.0,2.0,3,198.27,0,3406589.0,3.0,14,45.84,5,65.62,2,272.17,234.34,2.0,10.0,404.45,1749.17,1489.76,900.0,0.0,2834.7,0,720.45,0.0,0.0,0,0.0,0.0,0,0,1736.27,0.0,0.0,0,0.0,0.0,0,0,2028.21,0.0,0.0,0,0.0,0.0,0,0.0,0.0,0,0.0,0,0,0,0.0,0.0,0.0
