total_docks,ebs_station,is_ut,lat,lon,transit_nearby,nearest_transit_stop_dist_m,avg_dist_3_nearest_transit_stops_m,jobs_nearby_275m,housing_nearby_275m,housing_nearby_1000m,job_housing_ratio_275m,low_income_access_score,amenities_nearby,avg_dist_3_nearest_amenities_m,park_area_nearby,nearest_park_dist_m,bike_infra_score,retail_nearby,avg_dist_3_nearest_retail_m,entertainment_nearby,avg_dist_3_nearest_entertainment_m,tourism_nearby,avg_dist_3_nearest_tourism_m,nearest_station_dist_m,stations_within_500m,stations_within_1000m,avg_stations_dist_3_nearest_m,nearest_dining_hall_dist_m,nearest_dorm_dist_m,nearest_dorm_pop,dorm_pop_within_500m,dist_to_west_campus_center_m,in_ut_shape,dist_to_ut_shape_m,ut_shape_area_within_275m,ut_shape_share_of_275m_buffer,ut_shape_touches_275m_buffer,ut_shape_area_within_500m,ut_shape_share_of_500m_buffer,ut_shape_touches_500m_buffer,in_west_campus_shape,dist_to_west_campus_shape_m,west_campus_shape_area_within_275m,west_campus_shape_share_of_275m_buffer,west_campus_shape_touches_275m_buffer,west_campus_shape_area_within_500m,west_campus_shape_share_of_500m_buffer,west_campus_shape_touches_500m_buffer,west_campus_shape_area_within_1000m,in_north_campus_shape,dist_to_north_campus_shape_m,north_campus_shape_area_within_275m,north_campus_shape_share_of_275m_buffer,north_campus_shape_touches_275m_buffer,north_campus_shape_area_within_500m,north_campus_shape_share_of_500m_buffer,north_campus_shape_touches_500m_buffer,ut_x_dorm_pop_500m,ut_x_dining_dist,ut_x_transit,ut_x_housing_275m,ut_x_in_ut_shape,ut_x_in_west_campus_shape,ut_x_in_north_campus_shape,ut_x_ut_shape_share_275m,ut_x_west_campus_share_275m,ut_x_north_campus_share_275m,trips_per_dock
-1.6728567220186854,0,1,2.1069071960557024,-0.12320828393533831,-0.38434257546559725,0.8849406790638411,0.5107922277056743,-0.5138822977744755,0.4673673436948786,1.4239237383078172,-0.38262431069577807,0.8320502943378437,0.19742099830859564,0.06888701074086971,-0.33088974763113727,-0.016145235052195634,0.50709255283711,-0.24408473573900888,0.8425042157783672,-0.5381413971054938,0.3486430158974037,-0.7435223956449145,1.5095923199611803,0.052920744985564316,-1.0390635191582012,-0.6003002251876643,0.47437501801008386,-1.3915111753629088,-1.3192726991610004,-0.1585944018483392,0.20541777064289887,-1.6015482448242664,0,-1.0792589519637732,-0.37484495933673223,-0.37484646760826007,0,-0.21096658419875725,-0.21119246584664766,1,1,-1.5845226272163353,3.2852818496825527,3.285150921615225,1,2.83663383914438,2.83660244753129,1,3.010605532324905,0,-1.7959005896780964,0.7869012301126382,0.7866819905157995,1,1.9682940118184429,1.9678288307031622,1,0.20541777064289887,1.807885387988487,0.9119831381272531,2.2009412401445,0,1,0,-0.3716500718779127,3.285150921615225,0.7866819905157995,3299.714285714286
-2.2011272658140597,0,1,1.5057406152812978,-0.19878880726765652,-1.1222803203595437,0.49482067305568256,0.7900566159234744,-0.4902369777015682,1.6016521328869433,0.898978463904881,-0.38268485505320593,0.8320502943378437,3.3329309714451143,-0.7170919201358814,-0.5510874921221227,1.893391744335621,0.50709255283711,-0.5076962503371384,-0.738878188259779,-0.41928808240734794,-0.773298879349331,-0.7435223956449145,-0.11166294836246504,-0.9430572080010329,0.47740756285647096,0.12006004503753274,-0.7883698832008392,-1.2403939636921317,-1.280721043915096,0.8568702981896665,0.5792465899494421,-1.8266182185119004,0,-1.1687804361508705,-0.3345749986476083,-0.33450010806325764,1,0.18992508440180153,0.19016304342809232,1,1,-1.5845226272163353,3.5049271424349504,3.5049762221092418,1,3.4487286469288123,3.448915175574721,1,2.636358863263973,0,-1.3928838868788713,-0.22497685890713592,-0.2249774364099486,0,-0.28122670840623937,-0.281214061121217,0,0.5792465899494421,2.590871665897579,0.024648192922358206,4.822170529678496,0,1,0,-0.33133519007425266,3.5049762221092418,-0.2249774364099486,2588.4
0.968495996958186,0,1,1.2359323321848235,0.3578908165052696,-0.7533114479125705,0.7764939310341878,0.8481586027338892,-0.6135721348719796,-0.6238603716488517,-0.5782679415906139,-0.37473516205962043,0.8320502943378437,-0.011612999900505582,-0.6221733969673471,-0.5510874921221227,2.71901075632758,0.50709255283711,-0.5955667552031816,-0.7564316896722937,-0.6569947118036397,-0.2855394448033941,0.44611343738694875,-0.848683369757113,-0.7565703513391875,-0.02808279781508642,0.300150112593832,-0.2592870895782093,-1.7682064008937837,-1.6159194722655998,1.4267739563742616,4.5111247072986185,-1.1986159873012447,1,-1.3704034022709681,3.5275727191928086,3.52767493700933,1,3.3729262615155404,3.3729502751530154,1,0,-1.412744637348155,-0.1522070265390133,-0.15222259295174126,1,0.0916880935169823,0.09149961141137651,1,0.7368519175051014,0,-1.4022025407870156,-0.22497685890713592,-0.2249774364099486,0,-0.28122670840623937,-0.281214061121217,0,4.5111247072986185,-0.1438922373631182,0.4683156655248057,-0.320787056192476,1,0,0,3.5278266327780656,-0.15222259295174126,-0.2249774364099486,2579.470588235294
-0.08804509063256254,0,1,1.883472211616182,-0.03599998778314009,0.3535951694283493,-0.08378809047391428,-0.3967947214112345,-0.4648401524380752,0.792986464672909,1.9038277429969164,-0.3826055606148268,0.8320502943378437,0.8245229929358994,-1.227241788388083,-0.5510874921221227,0.7400433749254054,0.50709255283711,-0.20014948330598728,-0.09107039803602576,-0.1815814530110562,-0.3653254172022842,-0.7435223956449145,0.7613231730259248,-0.34833499065448464,-0.5335731584866438,0.12006004503753274,-0.277254324866086,-1.5720792397342176,-1.5573789964217215,-0.1585944018483392,1.7159913670244407,-1.6989514530004206,0,-1.2353670306825022,0.3880871228391144,0.3881743908457567,1,0.6472513546431131,0.6471566979458945,1,1,-1.5845226272163353,2.7994980150528006,2.799606968418792,1,2.616384254321467,2.6163164174722846,1,3.2235758662927703,0,-1.7873207934422808,0.09210079650517891,0.09165882578369465,1,1.2546319181323649,1.2543061126109691,1,1.7159913670244407,0.8723048868119917,1.799318083332148,2.953417501196964,0,1,0,0.3907754869383635,2.799606968418792,0.09165882578369465,2532.3076923076924
-0.6163156344279368,0,1,1.6069187214425504,-0.3906470588029057,-0.7533114479125705,0.45556278068841927,0.5948660703714357,-0.5217640711321112,0.059670675693460254,0.8083597188853751,-0.38255206330695646,0.8320502943378437,1.451624987563203,-0.09967519419635498,-0.5510874921221227,0.6765067433714302,0.50709255283711,-0.7713077649352679,-0.4499768108454762,-0.6569947118036397,-0.16993605601066958,0.44611343738694875,0.18688607543331742,-0.38257877602981777,-0.5335731584866438,-0.2401200900750658,-0.24745152982508417,-1.1243569437190168,-1.111570757302955,-0.1585944018483392,-0.35532545831691587,-1.995493428812791,0,-1.032129306373896,-0.37484495933673223,-0.37484646760826007,0,-0.3534112199899961,-0.35337883702336237,1,1,-1.5845226272163353,3.5049271424349504,3.5049762221092418,1,4.075303481710717,4.075425132166653,1,2.7805702490299073,0,-1.3397238312912307,-0.22497685890713592,-0.2249774364099486,0,-0.28122670840623937,-0.281214061121217,0,-0.35532545831691587,3.192096326966292,0.4683156655248057,1.2587912108102166,0,1,0,-0.3716500718779127,3.5049762221092418,-0.2249774364099486,2505.454545454545
-0.6163156344279368,0,1,1.3160316662290612,0.032313177536236755,1.0915329143222958,-0.46627697269577995,-0.812879917279366,-0.3562468306217604,0.2561185751264869,0.3600918441143284,-0.38231145644209114,0.8320502943378437,2.496794978608709,-1.3795875058247276,-0.5510874921221227,2.894127178642894,0.50709255283711,0.4149440507563149,-0.6622905898349386,0.17497849108338145,-0.7027944965807367,0.44611343738694875,-0.6652375840512708,-0.8539942842541476,0.9828979235280284,0.12006004503753274,-0.7394590760282862,-1.403776861212962,-1.609773556211905,0.8568702981896665,1.7236205266021252,-1.518235006703946,0,-1.358354821941327,1.4121690437942622,1.412259928708613,1,1.5117176089222584,1.5116878778765548,1,1,-1.5845226272163353,2.3245667186153702,2.32447579261418,1,1.6721538783873968,1.6719717314397082,1,1.955127361381166,0,-1.3521562425327596,-0.22497685890713592,-0.2249774364099486,0,-0.28122670840623937,-0.281214061121217,0,1.7236205266021252,1.7443329732532398,2.686653028537043,1.7127644922716208,0,1,0,1.4140620456606752,2.32447579261418,-0.2249774364099486,1966.0
2.553307628344309,0,1,1.7865098598784521,0.39786128557541445,2.567408404110189,-0.8543620123609271,-0.780749786324298,-0.6195564442731475,-0.6238603716488517,0.5343586614595319,-0.3816027715918056,0.8320502943378437,-1.265816989155113,2.127785822855835,-0.5510874921221227,0.6577538373611213,0.50709255283711,-0.8591782698013111,1.4643996943931707,-0.7164213691527127,0.590559319979348,-0.7435223956449145,0.20019488733746654,0.18793286694308753,-0.5335731584866438,0.12006004503753274,-0.05275894850460165,-1.579772119419446,-1.461287557226706,-0.9823642350424356,1.7159913670244407,-1.2910971412056622,1,-1.3704034022709681,3.2804902105159703,3.28045459666005,1,2.7975456298068937,2.7975472346051062,1,0,-1.215091357619349,-0.3516093683893675,-0.3516079970840336,0,-0.24480342083145346,-0.24465412260797895,1,1.3387576585041292,0,-1.9394425409379306,3.1338931265568886,3.1345201670304905,1,3.992568066630752,3.9926905982620897,1,1.7159913670244407,0.8324456334248782,4.461322918946833,-0.320787056192476,1,0,0,3.2807991707458353,-0.3516079970840336,3.1345201670304905,1449.6521739130435
1.4967665407535604,0,1,1.2814624799571326,0.21036344884710387,-0.015373703018623995,-0.9431374190748029,-0.6690975812554365,-0.5461391850344293,-0.6238603716488517,-0.01310724780032295,-0.2973489278188996,0.8320502943378437,0.19742099830859564,0.10860996636155755,-0.5510874921221227,3.029907148112774,0.50709255283711,-0.4637609979041168,0.6603866386235283,-0.47871473975642087,0.025036823594970083,0.44611343738694875,-0.910224362394973,-0.7565703513391875,-0.02808279781508642,0.300150112593832,-0.8356170574763664,-1.6018437506193401,-1.5221296244285485,0.8568702981896665,3.6528442548091067,-1.3522768605161768,1,-1.3704034022709681,3.298769118388058,3.2986500137097567,1,2.5962435873237077,2.5963939402648037,1,0,-1.5830634305422278,0.6800642910472072,0.6800282815501676,1,0.7389782176861276,0.7390764232688269,1,1.2845221273548821,0,-1.412380682191542,-0.22497685890713592,-0.2249774364099486,0,-0.28122670840623937,-0.281214061121217,0,3.6528442548091067,0.7180855008528384,1.3556506107297006,-0.320787056192476,1,0,0,3.298980391951407,0.6800282815501676,-0.2249774364099486,1332.3157894736842
0.44022545316281175,0,1,1.460547727862607,0.045975810599699025,0.7225640418753225,-0.8407107798098917,-1.1238281846334137,-0.49972429748390756,1.3190900857572476,1.1526037088411312,-0.3826792430541845,0.8320502943378437,1.451624987563203,-0.3110846321626363,-0.5510874921221227,2.8106320971208043,0.50709255283711,0.19526778859120697,-0.9101293121592521,-0.24100811036012915,-0.7042224334469361,0.44611343738694875,-0.3088753429421322,-0.8539942842541476,0.9828979235280284,0.4802401801501313,-0.7152651004686853,-1.3591631115362879,-1.4697100473409959,0.8568702981896665,2.089820186330984,-1.5965711516069991,0,-1.3610520004540008,1.5063302242212133,1.506401434313619,1,1.94255876478852,1.9425268487330882,1,1,-1.5845226272163353,1.7296453701329009,1.729790506014577,1,2.1287670878061165,2.1285729205640918,1,2.327249876901041,0,-1.4657819974272899,-0.22497685890713592,-0.2249774364099486,0,-0.28122670840623937,-0.281214061121217,0,2.089820186330984,1.9754909824349438,2.2429855559345957,4.169195261823052,0,1,0,1.5081301032025487,1.729790506014577,-0.2249774364099486,1244.9333333333334
1.4967665407535604,0,1,1.8092749337647565,0.1464106983356984,0.7225640418753225,-0.2935592043326808,-0.701673964029325,-0.5400089168673792,-0.03182560623425079,1.2410776314933114,-0.38256515057724705,0.8320502943378437,-0.8477489927369105,0.915268638179416,-0.5510874921221227,1.065852791966416,0.50709255283711,-0.1562142308729657,0.022713905762952864,-0.24100811036012915,-0.36627737511308384,-0.7435223956449145,0.5454065022566423,-0.34833499065448464,-0.02808279781508642,0.300150112593832,-0.3491707983860787,-1.7396882685842725,-1.6456483606393075,0.6496326043043592,1.7159913670244407,-1.5459667725448643,1,-1.3704034022709681,2.2816328989398955,2.2816844216489596,1,1.9111209422729762,1.9111412283395661,1,0,-1.498463958250372,0.6913421511857627,0.691212375785828,1,1.2746641070229767,1.2744493320816694,1,2.5925170603912173,0,-1.7793592250547403,0.3210934479774533,0.32158142281227375,1,2.1612502229065296,2.1618780834275593,1,1.7159913670244407,0.0038692652682948262,2.2429855559345957,1.0473516002665493,1,0,0,2.282808224135623,0.691212375785828,0.32158142281227375,1218.5263157894738
2.553307628344309,0,1,1.4298570356602833,-0.31070612066364883,-0.7533114479125705,-0.9734075434270985,0.3425552920103874,-0.49359402931685753,0.5386806222561827,0.9863799753733985,-0.38260662440790927,0.8320502943378437,2.2877609803996077,0.2228692544390411,-0.5510874921221227,1.3960825368527134,0.50709255283711,-0.5955667552031816,0.6807612384773398,-0.47871473975642087,0.15117124677591506,-0.7435223956449145,0.0007262076929680073,-0.9430572080010329,0.47740756285647096,-0.06003002251876653,-0.6086024655851006,-1.09436957043958,-1.215651053457862,0.8568702981896665,-0.35532545831691587,-1.808644071442907,0,-1.0176497164637532,-0.37484495933673223,-0.37484646760826007,0,-0.33954438918736796,-0.33958818563832993,1,1,-1.5845226272163353,3.431735186093305,3.4317011219445694,1,3.2927046943924383,3.2927456615412054,1,2.479649673666208,0,-1.2682883573594628,-0.22497685890713592,-0.2249774364099486,0,-0.28122670840623937,-0.281214061121217,0,-0.35532545831691587,3.3474704337853725,0.4683156655248057,2.3657397601270644,0,1,0,-0.3716500718779127,3.4317011219445694,-0.2249774364099486,1062.1304347826087
1.4967665407535604,0,0,-1.0485006747580343,0.17991321877434602,-1.491249192806517,2.656972412505377,2.5355259800575474,-0.5227857824932862,-0.6238603716488517,-0.26083423122642774,-0.27054850037622574,0.8320502943378437,-0.2206469981096068,-1.1286038873524429,0.4034649175125458,-0.9838398349603527,0.50709255283711,-0.6395020076362031,-0.3380732393406956,-0.47871473975642087,-0.4266077077100075,-0.7435223956449145,0.8309737119837578,1.922660508249768,-1.5445538798297587,-0.4202101576313651,0.935011201012232,0.6695119930953989,0.7419441265812579,-1.3450301993417235,-0.35532545831691587,0.8032448141247465,0,0.6127858221497549,-0.37484495933673223,-0.37484646760826007,0,-0.40759166869958685,-0.40759036315762825,0,0,0.7865616800875019,-0.3516093683893675,-0.3516079970840336,0,-0.3687680275285902,-0.36876537862874914,0,-0.43719817312863024,0,0.8410899822265954,-0.22497685890713592,-0.2249774364099486,0,-0.28122670840623937,-0.281214061121217,0,-0.35532545831691587,-0.4215384530167024,-0.4190192796800893,-0.320787056192476,0,0,0,-0.3716500718779127,-0.3516079970840336,-0.2249774364099486,800.2631578947369
-0.6163156344279368,0,0,-0.04565701252357897,-0.6878820015227065,0.3535951694283493,0.5010951526133011,0.26776348717608983,0.05404326027294534,4.513386751880572,1.7054316740192998,-0.3825725146644105,-0.8320502943378437,0.8245229929358994,-0.19191576530057322,0.044284527403965254,-0.6332051423437902,0.50709255283711,0.5467498080553796,-0.8192272512730157,0.3532584631306003,-0.5700558653936197,-0.7435223956449145,0.5475319881872803,-0.47956648237948696,0.9828979235280284,1.0205103828190292,-0.776201596868309,0.013008904421216716,0.005243092752802918,0.8568702981896665,-0.35532545831691587,-0.25980096797278374,0,0.14355661162418384,-0.37484495933673223,-0.37484646760826007,0,-0.40759166869958685,-0.40759036315762825,0,0,-0.0964304654809527,-0.3516093683893675,-0.3516079970840336,0,-0.3687680275285902,-0.36876537862874914,0,-0.43719817312863024,0,0.16925725588782584,-0.22497685890713592,-0.2249774364099486,0,-0.28122670840623937,-0.281214061121217,0,-0.35532545831691587,-0.4215384530167024,-0.4190192796800893,-0.320787056192476,0,0,0,-0.3716500718779127,-0.3516079970840336,-0.2249774364099486,671.0
-0.6163156344279368,0,0,-0.11563853595178127,-0.49893069319242733,0.7225640418753225,-0.8714896457479404,-0.3452972615193617,0.9051288241317248,2.154666425126491,0.82176485868116,-0.38192739420265787,-0.8320502943378437,2.0787269821905068,-1.1518128052431817,0.024027254099583513,-0.5961011783091075,0.50709255283711,1.249713846983725,-0.7884041386736597,0.9475250366213297,-0.7331976523568985,-0.7435223956449145,0.0016418016323197146,-0.30376717656726776,0.9828979235280284,1.2006004503753285,-0.45027214615674915,-0.052058660555882645,-0.018481644252301702,0.8568702981896665,-0.35532545831691587,-0.21289992367420807,0,0.015680184311137938,-0.37484495933673223,-0.37484646760826007,0,-0.40759166869958685,-0.40759036315762825,0,0,-0.08344191834107799,-0.3516093683893675,-0.3516079970840336,0,-0.3687680275285902,-0.36876537862874914,0,-0.43719817312863024,0,0.14074338122714536,-0.22497685890713592,-0.2249774364099486,0,-0.28122670840623937,-0.281214061121217,0,-0.35532545831691587,-0.4215384530167024,-0.4190192796800893,-0.320787056192476,0,0,0,-0.3716500718779127,-0.3516079970840336,-0.2249774364099486,613.0909090909091
1.4967665407535604,0,0,-0.3272694080056775,-1.0338082429265294,-1.1222803203595437,0.6183600881293376,0.9934581949418079,-0.2526161068454384,-0.6238603716488517,1.4105185985120323,0.0394989446012076,-0.8320502943378437,1.451624987563203,-0.6162223923799781,1.443726695544728,-0.9318674954460677,0.50709255283711,-0.5516315027701599,-0.568985371017227,-0.359861425058275,-0.6776866066833976,-0.7435223956449145,1.178932108720989,0.21650570696963936,-1.0390635191582012,-0.06003002251876653,0.23576252820812524,0.492798622729457,0.47104849156866657,0.8568702981896665,-0.35532545831691587,0.11230948005310143,0,0.664067703081511,-0.37484495933673223,-0.37484646760826007,0,-0.40759166869958685,-0.40759036315762825,0,0,0.26035160503990484,-0.3516093683893675,-0.3516079970840336,0,-0.3687680275285902,-0.36876537862874914,0,-0.43719817312863024,0,0.5909866601433723,-0.22497685890713592,-0.2249774364099486,0,-0.28122670840623937,-0.281214061121217,0,-0.35532545831691587,-0.4215384530167024,-0.4190192796800893,-0.320787056192476,0,0,0,-0.3716500718779127,-0.3516079970840336,-0.2249774364099486,582.3684210526316
-0.6163156344279368,0,0,-0.31968105004357605,0.7830312602478814,-0.38434257546559725,0.33066672138608993,0.08488949182349427,-0.06797826800452672,-0.6238603716488517,-0.12410180530942184,0.2513898240698479,0.8320502943378437,0.6154889947267981,-0.9545370031719018,-0.5510874921221227,0.8664468913901308,2.53546276418555,0.6785555653544444,-0.8555880756275103,0.23440514843245439,-0.8590940860601435,0.44611343738694875,-0.927849545727495,1.2787173934529001,-1.0390635191582012,0.300150112593832,0.553373814434557,-0.08453879098654211,-0.08015762136645059,0.6496326043043592,-0.35532545831691587,0.31291857380563565,0,-0.3604253891452782,-0.37484495933673223,-0.37484646760826007,0,-0.40759166869958685,-0.40759036315762825,0,0,0.11183592494150667,-0.3516093683893675,-0.3516079970840336,0,-0.3687680275285902,-0.36876537862874914,0,-0.43719817312863024,0,-0.0188197185398136,-0.22497685890713592,-0.2249774364099486,0,-0.28122670840623937,-0.281214061121217,0,-0.35532545831691587,-0.4215384530167024,-0.4190192796800893,-0.320787056192476,0,0,0,-0.3716500718779127,-0.3516079970840336,-0.2249774364099486,572.1818181818181
-0.6163156344279368,0,0,-1.3778354103127577,0.5686441988733402,-0.7533114479125705,0.3099778968988066,0.3654033851339914,-0.6138640524037439,-0.16907002912581737,-0.7691571322825907,-0.3827524940708552,2.496150883013531,-1.265816989155113,1.2596830286733929,1.1022307172908983,-0.9765619214373042,2.53546276418555,-0.9031135222343326,2.1998705065520414,-0.7758480265017856,2.5573043636912884,-0.7435223956449145,2.728738349991646,2.648177990756028,-1.5445538798297587,-1.68084063052546,2.695752726855649,1.0198764394461461,1.074257226635183,0.6496326043043592,-0.35532545831691587,1.2330832533057277,0,0.886638164163525,-0.37484495933673223,-0.37484646760826007,0,-0.40759166869958685,-0.40759036315762825,0,0,1.1873147759682359,-0.3516093683893675,-0.3516079970840336,0,-0.3687680275285902,-0.36876537862874914,0,-0.43719817312863024,0,1.0514231591921324,-0.22497685890713592,-0.2249774364099486,0,-0.28122670840623937,-0.281214061121217,0,-0.35532545831691587,-0.4215384530167024,-0.4190192796800893,-0.320787056192476,0,0,0,-0.3716500718779127,-0.3516079970840336,-0.2249774364099486,569.3636363636364
0.44022545316281175,0,0,-0.5203509605964927,1.089713768384093,-0.38434257546559725,-0.8661478590975352,-0.06558662148274132,-0.24429645719015622,1.5841601966360574,-0.785779505629364,-0.3825121447182787,0.8320502943378437,-0.011612999900505582,-0.8602135804621043,-0.46590058716357186,-0.28993766280270633,0.50709255283711,1.249713846983725,-0.5650149361739202,1.0663783513194753,-0.585525181444113,-0.7435223956449145,0.23842093430540423,-0.06718696932452088,0.47740756285647096,-0.4202101576313651,-0.11269726516601006,0.22462912906702107,0.19740929294458837,0.6496326043043592,-0.35532545831691587,0.657234354338568,0,-0.07259030589475209,-0.37484495933673223,-0.37484646760826007,0,-0.40759166869958685,-0.40759036315762825,0,0,0.4662171079113618,-0.3516093683893675,-0.3516079970840336,0,-0.3687680275285902,-0.36876537862874914,0,-0.43719817312863024,0,0.14651099468971032,-0.22497685890713592,-0.2249774364099486,0,-0.28122670840623937,-0.281214061121217,0,-0.35532545831691587,-0.4215384530167024,-0.4190192796800893,-0.320787056192476,0,0,0,-0.3716500718779127,-0.3516079970840336,-0.2249774364099486,502.8
-0.6163156344279368,0,0,-1.9863271671066596,1.3976866512602042,-1.491249192806517,2.5358919150961943,2.6773448080786673,-0.6164913101896224,-0.6238603716488517,-0.1535931128601486,-0.37808521548995466,0.8320502943378437,-1.0567829909460118,1.5435459474908906,0.1120196359724984,-0.909051459800192,0.50709255283711,-0.9031135222343326,2.529416598546512,-0.7758480265017856,1.8801648022656592,-0.7435223956449145,2.844953380722228,2.2727323268956883,-1.5445538798297587,-1.68084063052546,3.2058701054521874,1.838243659694719,1.838652408651319,0.6496326043043592,-0.35532545831691587,2.1362173105173508,0,1.6725729147825172,-0.37484495933673223,-0.37484646760826007,0,-0.40759166869958685,-0.40759036315762825,0,0,2.0933825898714122,-0.3516093683893675,-0.3516079970840336,0,-0.3687680275285902,-0.36876537862874914,0,-0.43719817312863024,0,1.6075115693514295,-0.22497685890713592,-0.2249774364099486,0,-0.28122670840623937,-0.281214061121217,0,-0.35532545831691587,-0.4215384530167024,-0.4190192796800893,-0.320787056192476,0,0,0,-0.3716500718779127,-0.3516079970840336,-0.2249774364099486,474.3636363636364
0.968495996958186,1,0,-0.010244675367305263,-0.03091283717470078,0.3535951694283493,0.0991045096042422,-0.07245889949257515,4.229777593395192,-0.6238603716488517,-0.2554721753081138,5.183505986879424,-0.8320502943378437,-0.42968099631870804,-0.006095647059978685,-0.5510874921221227,0.7170933899508845,0.50709255283711,2.743512429706459,-0.914831142894747,2.789751414442591,-0.9001472709633755,1.635749270418812,-1.2877760632433959,-0.7921228164103931,1.9938786448711432,1.5607805854879269,-0.9892892047930463,-0.38713639748920153,-0.30202769263457446,-1.3450301993417235,-0.35532545831691587,-0.29205379005371557,0,-0.43976147552793643,-0.37484495933673223,-0.37484646760826007,0,-0.40759166869958685,-0.40759036315762825,0,0,-0.34704749425890163,-0.3516093683893675,-0.3516079970840336,0,-0.3687680275285902,-0.36876537862874914,0,-0.43719817312863024,0,-0.11651479729525936,-0.22497685890713592,-0.2249774364099486,0,-0.28122670840623937,-0.281214061121217,0,-0.35532545831691587,-0.4215384530167024,-0.4190192796800893,-0.320787056192476,0,0,0,-0.3716500718779127,-0.3516079970840336,-0.2249774364099486,466.4117647058824
2.553307628344309,0,1,1.4551515622005216,0.648585137012597,1.4605017867692691,-0.9511924941825565,-1.3119679514480902,-0.5516856181379507,-0.6238603716488517,-0.952539444688928,-0.3037140293365347,0.8320502943378437,-0.42968099631870804,-0.3588414439762719,-0.5510874921221227,0.9277956839095701,0.50709255283711,-0.5955667552031816,0.4344897930648582,-0.5975680544545667,0.1020859170003115,1.635749270418812,-0.8352437587187704,0.7656422482432924,-0.5335731584866438,-0.4202101576313651,0.2224059326634339,-1.467606301777203,-1.3609098210824373,-0.6715076942144748,3.757745199002269,-1.0054528766083501,1,-1.3704034022709681,3.580620989705681,3.5806789779802153,1,4.174851870515865,4.17471021429663,1,0,-1.0560219527384531,-0.3516093683893675,-0.3516079970840336,0,-0.3687680275285902,-0.36876537862874914,0,0.09653781728569133,0,-1.639255223780435,-0.22497685890713592,-0.2249774364099486,0,0.2568524374014011,0.25633852717121236,1,3.757745199002269,1.4136123654822654,3.1303205011394906,-0.320787056192476,1,0,0,3.580789320637775,-0.3516079970840336,-0.2249774364099486,459.0
0.44022545316281175,0,0,-2.1720835436779775,1.8288040782758574,-0.7533114479125705,-0.6515437001741164,-0.37019811300953936,-0.6205781556343225,-0.6238603716488517,-0.39810286273526496,-0.3827752902924226,0.8320502943378437,-0.2206469981096068,0.7359946249849267,1.792961419599659,-0.890387853342313,0.50709255283711,-0.9470487746673543,3.1411770197981372,-0.7758480265017856,3.383246846048778,-0.7435223956449145,3.0372608077696532,2.2727323268956883,-1.5445538798297587,-1.68084063052546,3.839999433429862,2.1891198641361145,2.17109059519209,0.6496326043043592,-0.35532545831691587,2.5153570181581437,0,2.0331253503023645,-0.37484495933673223,-0.37484646760826007,0,-0.40759166869958685,-0.40759036315762825,0,0,2.482148215400322,-0.3516093683893675,-0.3516079970840336,0,-0.3687680275285902,-0.36876537862874914,0,-0.43719817312863024,0,1.8444587012488016,-0.22497685890713592,-0.2249774364099486,0,-0.28122670840623937,-0.281214061121217,0,-0.35532545831691587,-0.4215384530167024,-0.4190192796800893,-0.320787056192476,0,0,0,-0.3716500718779127,-0.3516079970840336,-0.2249774364099486,448.4
-0.6163156344279368,0,0,-0.6346822205587412,0.31530409855096164,-0.7533114479125705,-0.219961254927099,-0.03890076271728192,-0.5322731022756255,1.933998921653776,0.7981718126405786,-0.38272198197245016,0.8320502943378437,0.4064549965176969,-0.7803213438766763,0.01683742009410606,-0.22787447386382667,-1.52127765851133,0.019526778859120634,-0.9586104112985779,0.23440514843245439,-0.7948369270811715,-0.7435223956449145,0.057296833231489944,1.8533004843685204,-1.5445538798297587,0.12006004503753274,0.7637045449870804,0.21057228989969878,0.2746543681214896,-1.3450301993417235,-0.35532545831691587,0.42156545228304115,0,0.10473143671806517,-0.37484495933673223,-0.37484646760826007,0,-0.40759166869958685,-0.40759036315762825,0,0,0.3305712031305275,-0.3516093683893675,-0.3516079970840336,0,-0.3687680275285902,-0.36876537862874914,0,-0.43719817312863024,0,0.4095895622227036,-0.22497685890713592,-0.2249774364099486,0,-0.28122670840623937,-0.281214061121217,0,-0.35532545831691587,-0.4215384530167024,-0.4190192796800893,-0.320787056192476,0,0,0,-0.3716500718779127,-0.3516079970840336,-0.2249774364099486,444.45454545454544
0.44022545316281175,0,0,0.10611014671815036,-0.7918052211042568,1.0915329143222958,-0.43371751120759633,-0.3344979675039082,0.47236108329116894,2.4950864152398866,1.7054316740192998,-0.3822341945183427,-0.8320502943378437,0.4064549965176969,-1.0164274508805387,-0.36006662082459984,-0.6972329214361308,0.50709255283711,0.5906850604884012,-0.7686564495845807,-0.12215479566198326,-0.8169104511378369,-0.7435223956449145,0.05719873388084483,-0.47956648237948696,0.9828979235280284,-0.06003002251876653,-0.7348959686535875,-0.0272961722987092,-0.07067606566353171,0.8568702981896665,-0.35532545831691587,-0.38915821538270357,0,0.16382093966019268,-0.37484495933673223,-0.37484646760826007,0,-0.40759166869958685,-0.40759036315762825,0,0,-0.2571457084710163,-0.3516093683893675,-0.3516079970840336,0,-0.3687680275285902,-0.36876537862874914,0,-0.43719817312863024,0,0.10067166154932505,-0.22497685890713592,-0.2249774364099486,0,-0.28122670840623937,-0.281214061121217,0,-0.35532545831691587,-0.4215384530167024,-0.4190192796800893,-0.320787056192476,0,0,0,-0.3716500718779127,-0.3516079970840336,-0.2249774364099486,436.73333333333335
0.44022545316281175,0,0,-0.3593091416233726,-0.08178434326322488,-0.38434257546559725,0.05035010763625889,0.3629936253123612,0.8394473794847601,-0.6238603716488517,0.9933506480672066,1.2927539328892446,-0.8320502943378437,0.8245229929358994,-1.0170225513392754,-0.204959799605455,-0.29859971938842045,0.50709255283711,1.996613138345092,-0.6713807959235623,1.7200715821592778,-0.7263554548730264,1.635749270418812,-1.2165559346752455,-1.0083457839395662,0.9828979235280284,1.7408706530442262,-0.8735954198970368,-0.010053226308964198,0.07399896502242942,-1.3450301993417235,-0.35532545831691587,0.054943173397206974,0,-0.052751848150217835,-0.37484495933673223,-0.37484646760826007,0,-0.40759166869958685,-0.40759036315762825,0,0,0.04598543317161269,-0.3516093683893675,-0.3516079970840336,0,-0.3687680275285902,-0.36876537862874914,0,-0.43719817312863024,0,0.231811359023644,-0.22497685890713592,-0.2249774364099486,0,-0.28122670840623937,-0.281214061121217,0,-0.35532545831691587,-0.4215384530167024,-0.4190192796800893,-0.320787056192476,0,0,0,-0.3716500718779127,-0.3516079970840336,-0.2249774364099486,426.6666666666667
1.4967665407535604,0,0,-0.10771291763576206,-0.9008155912942464,-0.015373703018623995,0.1883886579038708,-0.1761678221864338,-0.5252670815132827,2.4950864152398866,1.7054316740192998,-0.3827281033879789,-0.8320502943378437,0.19742099830859564,-0.49229272184802014,0.372974948447798,-0.9779460644999699,0.50709255283711,-0.37589049303807365,-0.1705835800296187,-0.47871473975642087,-0.22860046226369402,-0.7435223956449145,0.6999456793058062,-0.10790144875166861,-0.02808279781508642,0.12006004503753274,-0.5461924657623971,0.22009759371595813,0.18970396535488146,0.8568702981896665,-0.35532545831691587,-0.1456501949423185,0,0.39408368288197004,-0.37484495933673223,-0.37484646760826007,0,-0.40759166869958685,-0.40759036315762825,0,0,-0.006647451515378109,-0.3516093683893675,-0.3516079970840336,0,-0.3687680275285902,-0.36876537862874914,0,-0.43719817312863024,0,0.33651050693820483,-0.22497685890713592,-0.2249774364099486,0,-0.28122670840623937,-0.281214061121217,0,-0.35532545831691587,-0.4215384530167024,-0.4190192796800893,-0.320787056192476,0,0,0,-0.3716500718779127,-0.3516079970840336,-0.2249774364099486,409.3157894736842
-0.6163156344279368,0,0,0.9189075995464513,-0.09341211608310487,1.0915329143222958,-0.14653288605010154,-0.24622935774123494,0.3052382963561145,-0.6238603716488517,-0.7053486668546547,0.6796941551380797,-0.8320502943378437,-0.42968099631870804,0.6696409238357636,-0.5510874921221227,1.0785779781876972,-1.52127765851133,-0.6395020076362031,0.04538717842078425,-0.5381413971054938,-0.18540537206116295,-0.7435223956449145,-0.03148307910208634,1.7421354146468973,-1.5445538798297587,0.300150112593832,0.9627225718398296,-1.1753263987150322,-1.2370241645102635,0.8568702981896665,-0.35532545831691587,-1.2376385996824404,0,-1.0599617043813216,-0.37484495933673223,-0.37484646760826007,0,-0.1988817289067363,-0.1988284335704116,1,0,-1.3197293330754005,-0.3516093683893675,-0.3516079970840336,0,0.1948787716294478,0.1950019872810963,1,0.8690495370851768,0,-0.955600774684408,-0.22497685890713592,-0.2249774364099486,0,-0.28122670840623937,-0.281214061121217,0,-0.35532545831691587,-0.4215384530167024,-0.4190192796800893,-0.320787056192476,0,0,0,-0.3716500718779127,-0.3516079970840336,-0.2249774364099486,380.45454545454544
-0.6163156344279368,0,0,0.8202589460391325,-2.201672675568409,0.3535951694283493,0.23442977141450552,-0.09280798243078495,-0.47622493617688244,-0.6238603716488517,-2.0882228881878238,-0.21711514816239472,-0.8320502943378437,-1.0567829909460118,2.0453644093207757,0.2200110944876353,-0.7666633234504889,0.50709255283711,-0.6395020076362031,-0.8039724226645208,-0.5381413971054938,-0.8367230751563531,-0.7435223956449145,1.2625127554703885,1.266212231914562,-1.0390635191582012,-1.5007505629691607,2.2874021491885923,1.0304170052809496,0.8898046931322277,0.8568702981896665,-0.35532545831691587,0.018900526781167926,0,1.2745793828038448,-0.37484495933673223,-0.37484646760826007,0,-0.40759166869958685,-0.40759036315762825,0,0,0.15902227320537574,-0.3516093683893675,-0.3516079970840336,0,-0.3687680275285902,-0.36876537862874914,0,-0.43719817312863024,0,0.6133257956853068,-0.22497685890713592,-0.2249774364099486,0,-0.28122670840623937,-0.281214061121217,0,-0.35532545831691587,-0.4215384530167024,-0.4190192796800893,-0.320787056192476,0,0,0,-0.3716500718779127,-0.3516079970840336,-0.2249774364099486,368.8181818181818
-0.6163156344279368,0,0,-0.8390619950044538,-0.254020728164152,-0.7533114479125705,1.0589303013913225,0.810405698861684,0.06922297192468828,-0.04797200892737627,0.6035291828057819,-0.3809257164008619,-0.8320502943378437,-1.0567829909460118,1.815060531789598,-0.5510874921221227,0.5239384580447023,0.50709255283711,-0.28801998817203045,-0.47505324143478284,-0.41928808240734794,-0.06771957533856439,1.635749270418812,-0.7334820323165279,-0.02000179584555872,-0.02808279781508642,0.300150112593832,-0.3042051777979006,0.5429921864267475,0.6332022740165605,-1.3450301993417235,-0.35532545831691587,0.5326419070702972,0,0.5406451692334723,-0.37484495933673223,-0.37484646760826007,0,-0.40759166869958685,-0.40759036315762825,0,0,0.6094050234089492,-0.3516093683893675,-0.3516079970840336,0,-0.3687680275285902,-0.36876537862874914,0,-0.43719817312863024,0,0.7343702847591361,-0.22497685890713592,-0.2249774364099486,0,-0.28122670840623937,-0.281214061121217,0,-0.35532545831691587,-0.4215384530167024,-0.4190192796800893,-0.320787056192476,0,0,0,-0.3716500718779127,-0.3516079970840336,-0.2249774364099486,363.8181818181818
0.44022545316281175,0,0,-0.1687570416864914,-0.09849926669257694,-0.015373703018623995,0.7260437237803615,0.4184181012098537,2.597958590832827,0.300521182532582,0.7638546547633692,-0.3773988690266074,-0.8320502943378437,0.4064549965176969,-0.520857543867391,-0.5510874921221227,0.5101863269704758,0.50709255283711,3.3146707113357397,-0.8168240933415404,3.2651646732351742,-0.724927518006827,2.8253851034506754,-1.5512709190754237,-0.592767276072467,2.4993690055427007,1.9209607206005255,-0.7899384513608918,-0.20031167775158018,-0.1129302809200748,-1.3450301993417235,-0.35532545831691587,-0.1424893869275612,0,-0.24056951898834086,-0.37484495933673223,-0.37484646760826007,0,-0.40759166869958685,-0.40759036315762825,0,0,-0.15824271529227035,-0.3516093683893675,-0.3516079970840336,0,-0.3687680275285902,-0.36876537862874914,0,-0.43719817312863024,0,0.05232925955982686,-0.22497685890713592,-0.2249774364099486,0,-0.28122670840623937,-0.281214061121217,0,-0.35532545831691587,-0.4215384530167024,-0.4190192796800893,-0.320787056192476,0,0,0,-0.3716500718779127,-0.3516079970840336,-0.2249774364099486,360.3333333333333
-0.6163156344279368,0,0,-0.7918455454625558,2.011214764394696,-0.38434257546559725,0.9106321291443611,0.6595725841003922,-0.44148674989693226,-0.6238603716488517,-0.5798765583661081,-0.17724951234141734,0.8320502943378437,-1.265816989155113,1.6441179250174254,-0.5510874921221227,0.6160955961525062,-1.52127765851133,-0.5955667552031816,-0.6994872952090768,-0.47871473975642087,-0.777523192578504,-0.7435223956449145,-0.30841754597245635,0.8982551240917156,-1.0390635191582012,-1.1405704278565623,0.7835255426459287,0.9911189364168153,0.9131458315776714,0.6496326043043592,-0.35532545831691587,1.4791938295990592,0,0.7614056815767185,-0.37484495933673223,-0.37484646760826007,0,-0.40759166869958685,-0.40759036315762825,0,0,1.3391136485833754,-0.3516093683893675,-0.3516079970840336,0,-0.3687680275285902,-0.36876537862874914,0,-0.43719817312863024,0,0.5676523285529955,-0.22497685890713592,-0.2249774364099486,0,-0.28122670840623937,-0.281214061121217,0,-0.35532545831691587,-0.4215384530167024,-0.4190192796800893,-0.320787056192476,0,0,0,-0.3716500718779127,-0.3516079970840336,-0.2249774364099486,345.1818181818182
-0.6163156344279368,0,0,-0.4233886088587627,-0.19297492085771653,-0.38434257546559725,0.02779589733454838,-0.2912115410783304,0.32114780183726815,-0.6238603716488517,1.0528694687604916,0.6979519463334013,-0.8320502943378437,0.19742099830859564,-0.7956451806891514,-0.0757912286276295,-0.9838398349603527,0.50709255283711,1.161843342117682,-0.08793584421236232,0.6503917498759649,-0.3052330740830605,0.44611343738694875,-0.920099697026553,-1.0083457839395662,-0.02808279781508642,1.5607805854879269,-0.8504471564441376,0.09460955739135533,0.18467548858367636,-1.3450301993417235,-0.35532545831691587,0.10792208982366218,0,0.0726403357958916,-0.37484495933673223,-0.37484646760826007,0,-0.40759166869958685,-0.40759036315762825,0,0,0.14273356614557195,-0.3516093683893675,-0.3516079970840336,0,-0.3687680275285902,-0.36876537862874914,0,-0.43719817312863024,0,0.3204667403390699,-0.22497685890713592,-0.2249774364099486,0,-0.28122670840623937,-0.281214061121217,0,-0.35532545831691587,-0.4215384530167024,-0.4190192796800893,-0.320787056192476,0,0,0,-0.3716500718779127,-0.3516079970840336,-0.2249774364099486,335.90909090909093
0.44022545316281175,0,0,-0.7319818326503889,-0.8008894186199171,0.3535951694283493,-0.7270070353941255,-1.1943359720070355,-0.08826653646214469,0.7122544512072816,0.9949592648427008,-0.38216010172946036,-0.8320502943378437,-0.8477489927369105,1.0500588920833223,1.9257729265228498,-0.9621400437198522,0.50709255283711,-0.6834372600692248,0.31474983700091913,-0.5975680544545667,0.06400760056832812,-0.7435223956449145,0.9078182033222121,0.3695485269591852,-0.5335731584866438,0.300150112593832,0.26238065456053505,0.6888349880987468,0.7337884876389054,0.8568702981896665,-0.35532545831691587,0.4591570520804412,0,0.7777395817143246,-0.37484495933673223,-0.37484646760826007,0,-0.40759166869958685,-0.40759036315762825,0,0,0.6728206928214664,-0.3516093683893675,-0.3516079970840336,0,-0.3687680275285902,-0.36876537862874914,0,-0.43719817312863024,0,0.821849525290039,-0.22497685890713592,-0.2249774364099486,0,-0.28122670840623937,-0.281214061121217,0,-0.35532545831691587,-0.4215384530167024,-0.4190192796800893,-0.320787056192476,0,0,0,-0.3716500718779127,-0.3516079970840336,-0.2249774364099486,335.8
-0.6163156344279368,0,0,-0.32221050269751,-2.0912088337743855,-1.491249192806517,1.7242795052917832,1.7507475314800096,-0.6156155575943296,-0.6238603716488517,-1.4356606829290155,-0.37708019946085436,-0.8320502943378437,-0.6387149945278092,-0.07230057309445787,4.549358638803075,-0.9838398349603527,-1.52127765851133,-0.8152430173682895,0.343901187560988,-0.7164213691527127,2.274572864183812,0.44611343738694875,-0.6770422059121993,0.12104479359848805,-0.02808279781508642,-1.3206604954128616,-0.3820631973786991,1.3894730850099646,1.2929834575339136,0.8568702981896665,-0.35532545831691587,0.6592236190841738,0,1.6579957295972447,-0.37484495933673223,-0.37484646760826007,0,-0.40759166869958685,-0.40759036315762825,0,0,0.7984388623186088,-0.3516093683893675,-0.3516079970840336,0,-0.3687680275285902,-0.36876537862874914,0,-0.43719817312863024,0,1.2086038199340314,-0.22497685890713592,-0.2249774364099486,0,-0.28122670840623937,-0.281214061121217,0,-0.35532545831691587,-0.4215384530167024,-0.4190192796800893,-0.320787056192476,0,0,0,-0.3716500718779127,-0.3516079970840336,-0.2249774364099486,328.45454545454544
1.4967665407535604,0,0,-0.3019748814654392,-0.31652000707358885,0.3535951694283493,-0.058096640393394364,-0.51969247231437,0.7146526346555273,1.0607476426672398,2.603039834745056,-0.3815513969705097,-0.8320502943378437,0.8245229929358994,-0.9892016048933259,-0.09702037064440552,-0.5710526538524805,0.50709255283711,2.3920304102422865,-0.9046960855315689,1.601218267461132,-0.6767941461420232,-0.7435223956449145,-0.7448615569913288,-0.5799712968239348,0.9828979235280284,1.9209607206005255,-0.6437764182650705,0.025059982039707718,0.1128258105393949,0.8568702981896665,-0.35532545831691587,-0.02447016229694512,0,0.03056789991727757,-0.37484495933673223,-0.37484646760826007,0,-0.40759166869958685,-0.40759036315762825,0,0,0.053442606872429056,-0.3516093683893675,-0.3516079970840336,0,-0.3687680275285902,-0.36876537862874914,0,-0.43719817312863024,0,0.24211766961622735,-0.22497685890713592,-0.2249774364099486,0,-0.28122670840623937,-0.281214061121217,0,-0.35532545831691587,-0.4215384530167024,-0.4190192796800893,-0.320787056192476,0,0,0,-0.3716500718779127,-0.3516079970840336,-0.2249774364099486,322.94736842105266
-0.6163156344279368,0,1,1.6448605112527581,1.008973420862359,0.3535951694283493,-0.8106102359861803,-0.7157755215040493,-0.5842344229296687,-0.6238603716488517,-0.6694228922019512,-0.3410671250847614,-0.8320502943378437,-0.6387149945278092,0.9838539660488427,-0.5510792541093922,0.240769577289037,0.50709255283711,-0.6395020076362031,0.17944159694611916,-0.5975680544545667,0.258682993326843,-0.7435223956449145,0.19846179880940787,1.115568658034116,-1.0390635191582012,-1.3206604954128616,0.8520196856348972,-1.0293680387644997,-1.477140184659642,-1.1896019289277429,-0.1741329183469077,-0.6590534788517597,1,-1.3704034022709681,1.8340697166612483,1.8339189412083445,1,1.8127376279894525,1.8127045098326098,1,0,-0.6009816503599672,-0.3516093683893675,-0.3516079970840336,0,-0.3687680275285902,-0.36876537862874914,0,-0.43719817312863024,0,-1.9338030966634228,4.067669385532538,4.067348989260726,1,3.027784244477902,3.0272654340866727,1,-0.1741329183469077,3.6842640179307784,1.799318083332148,-0.320787056192476,1,0,0,1.8353920849028476,-0.3516079970840336,4.067348989260726,316.0
-0.6163156344279368,0,0,0.32279992407991454,-0.7293059421948199,0.3535951694283493,-0.12423304654126748,-0.44588242148147744,0.3319487505125468,-0.6238603716488517,1.1638640262695903,0.7103471440256379,-0.8320502943378437,-1.0567829909460118,0.7993728238404062,0.09782142103142397,-0.612085798194085,-1.52127765851133,0.1073972837251638,-0.2886517740542705,-0.24100811036012915,-0.19141460637308527,-0.7435223956449145,-0.21577905918018336,-0.24938426476100625,-0.02808279781508642,-0.2401200900750658,-0.3709881555213573,-0.23289085813526805,-0.29969274488011777,0.8568702981896665,-0.35532545831691587,-0.6223110513568316,0,-0.05301801708238974,-0.37484495933673223,-0.37484646760826007,0,-0.40759166869958685,-0.40759036315762825,0,0,-0.502205912705126,-0.3516093683893675,-0.3516079970840336,0,-0.3687680275285902,-0.36876537862874914,0,-0.43719817312863024,0,-0.10939763767609426,-0.22497685890713592,-0.2249774364099486,0,-0.28122670840623937,-0.281214061121217,0,-0.35532545831691587,-0.4215384530167024,-0.4190192796800893,-0.320787056192476,0,0,0,-0.3716500718779127,-0.3516079970840336,-0.2249774364099486,310.45454545454544
0.44022545316281175,0,0,-0.2105780759788911,0.25485329312372523,0.3535951694283493,-0.2637130313018457,-0.35993432117667035,-0.11089014517387695,0.6207581692795706,-0.1895188875128521,-0.3821429450719508,-0.8320502943378437,-0.011612999900505582,-1.2566992610955592,-0.3974127843792385,-0.9741508335216931,0.50709255283711,2.611706672407394,-0.7565361747997492,3.205738015886101,-0.5428060701969817,2.8253851034506754,-1.694659469934625,0.27168836747893427,0.9828979235280284,1.3806905179316278,-0.16564832365991078,-0.24324983238951892,-0.17898428507383,-1.3450301993417235,-0.35532545831691587,-0.015679656425057562,0,-0.34705483645251733,-0.37484495933673223,-0.37484646760826007,0,-0.40759166869958685,-0.40759036315762825,0,0,-0.14581409245757646,-0.3516093683893675,-0.3516079970840336,0,-0.3687680275285902,-0.36876537862874914,0,-0.43719817312863024,0,0.0349962617161189,-0.22497685890713592,-0.2249774364099486,0,-0.28122670840623937,-0.281214061121217,0,-0.35532545831691587,-0.4215384530167024,-0.4190192796800893,-0.320787056192476,0,0,0,-0.3716500718779127,-0.3516079970840336,-0.2249774364099486,294.6
0.44022545316281175,0,0,-0.7552527970674201,-0.5306163741273232,1.0915329143222958,-0.9282143325593853,-1.2165593125842908,-0.450390234615743,-0.6238603716488517,0.10753901036174106,-0.18746717530393675,-0.8320502943378437,-0.8477489927369105,0.022617950074076503,1.1384443708848975,-0.9649083298451836,0.50709255283711,-0.6834372600692248,0.36573857919917585,-0.5975680544545667,-0.08437883877755702,-0.7435223956449145,-0.14874450290621252,-0.7521353812587303,-0.02808279781508642,0.6603302477064306,-0.5479511633963956,0.5696861487679806,0.6546587760601928,0.8568702981896665,-0.35532545831691587,0.4488804946792276,0,0.6085005023417894,-0.37484495933673223,-0.37484646760826007,0,-0.40759166869958685,-0.40759036315762825,0,0,0.6088196479989875,-0.3516093683893675,-0.3516079970840336,0,-0.3687680275285902,-0.36876537862874914,0,-0.43719817312863024,0,0.7371975462603935,-0.22497685890713592,-0.2249774364099486,0,-0.28122670840623937,-0.281214061121217,0,-0.35532545831691587,-0.4215384530167024,-0.4190192796800893,-0.320787056192476,0,0,0,-0.3716500718779127,-0.3516079970840336,-0.2249774364099486,289.6666666666667
0.44022545316281175,0,1,1.7679605404156706,0.6822330046121644,0.7225640418753225,0.21289304428430078,-0.21802624279178634,2.7888726566066704,-0.6238603716488517,-0.13911556188070093,3.5299196136664457,0.8320502943378437,-0.42968099631870804,-0.09788989282014424,0.10721969281811046,-0.9043632332976147,0.50709255283711,-0.9031135222343326,1.7747205229358396,-0.7758480265017856,0.7125289273005446,0.44611343738694875,-0.008364332133453313,0.5007073142566393,-0.02808279781508642,-0.4202101576313651,-0.06288334299221461,-1.2752265305072223,-1.4677586981461999,-1.1896019289277429,-0.1741329183469077,-0.9979282664836667,0,-1.3655768723009203,1.8810879403049647,1.8809896940108475,1,2.3651206237360807,2.3652816446397753,1,0,-0.8951200683133292,-0.3516093683893675,-0.3516079970840336,0,-0.3687680275285902,-0.36876537862874914,0,-0.07992728280129426,1,-1.948489777741954,6.446814701186277,6.446719407653623,1,5.618355145038166,5.618606386617442,1,-0.1741329183469077,2.410393072234897,2.2429855559345957,-0.320787056192476,0,0,1,1.8824261136737843,-0.3516079970840336,6.446719407653623,288.8666666666667
-0.6163156344279368,0,0,0.3590554121211324,0.08391141942626155,-0.7533114479125705,1.1110763139309914,0.8575298909291175,0.6691134997002985,-0.6238603716488517,-0.12142077735026487,1.097278315229242,-0.8320502943378437,-0.42968099631870804,1.2587903779852876,-0.5237216809905253,-0.754072086557853,0.50709255283711,-0.4637609979041168,-0.31602687744759694,-0.5975680544545667,-0.2708435945554255,0.44611343738694875,-0.7535269996316226,-0.25716363850869334,1.4883882841995857,1.0205103828190292,-0.6063209118977512,-0.8066129485657195,-0.7225768005095934,-1.3450301993417235,-0.35532545831691587,-0.6304725407083693,0,-0.8630499283606641,-0.37484495933673223,-0.37484646760826007,0,-0.40759166869958685,-0.40759036315762825,0,0,-0.7749484352393085,-0.3516093683893675,-0.3516079970840336,0,-0.3687680275285902,-0.36876537862874914,0,-0.4269316054283472,0,-0.49907720555338814,-0.22497685890713592,-0.2249774364099486,0,-0.28122670840623937,-0.281214061121217,0,-0.35532545831691587,-0.4215384530167024,-0.4190192796800893,-0.320787056192476,0,0,0,-0.3716500718779127,-0.3516079970840336,-0.2249774364099486,283.09090909090907
1.4967665407535604,0,0,0.5171462029978464,-1.996151790968665,-1.1222803203595437,1.1091261378522723,1.3268083036006393,-0.6205781556343225,-0.6238603716488517,-2.0882228881878238,-0.3827752902924226,-0.8320502943378437,1.0335569911450007,-1.233341568090136,0.9270235785888692,-0.9802232030869359,0.50709255283711,-0.9470487746673543,3.208047501369622,-0.7758480265017856,1.5805360498414902,-0.7435223956449145,0.7953309479161343,1.266212231914562,-0.5335731584866438,-1.3206604954128616,1.019238557970214,0.9175826004557628,0.7608238469958647,0.8568702981896665,-0.35532545831691587,-0.005481726088887892,0,1.122313009006128,-0.37484495933673223,-0.37484646760826007,0,-0.40759166869958685,-0.40759036315762825,0,0,0.10687295950922279,-0.3516093683893675,-0.3516079970840336,0,-0.3687680275285902,-0.36876537862874914,0,-0.43719817312863024,0,0.5913410102515301,-0.22497685890713592,-0.2249774364099486,0,-0.28122670840623937,-0.281214061121217,0,-0.35532545831691587,-0.4215384530167024,-0.4190192796800893,-0.320787056192476,0,0,0,-0.3716500718779127,-0.3516079970840336,-0.2249774364099486,280.7894736842105
-0.6163156344279368,0,0,-0.5861167296014717,-2.174056715119645,-1.491249192806517,4.4791151921435715,4.586231588264766,-0.6167832277213867,-0.6238603716488517,-1.1841802603600908,-0.3784202208329881,-0.8320502943378437,-0.011612999900505582,-0.9183846503036355,1.0489704474593389,-0.7051359318261896,-1.52127765851133,-0.8591782698013111,1.8357398373698186,-0.7758480265017856,3.257052925498408,-0.7435223956449145,0.05559644448697915,0.14438291484154928,-0.5335731584866438,-1.3206604954128616,0.0597977000713024,1.6228017576945575,1.5428812409546409,0.8568702981896665,-0.35532545831691587,0.9244956111286593,0,1.919036473675815,-0.37484495933673223,-0.37484646760826007,0,-0.40759166869958685,-0.40759036315762825,0,0,1.084628051878723,-0.3516093683893675,-0.3516079970840336,0,-0.3687680275285902,-0.36876537862874914,0,-0.43719817312863024,0,1.4571841904885774,-0.22497685890713592,-0.2249774364099486,0,-0.28122670840623937,-0.281214061121217,0,-0.35532545831691587,-0.4215384530167024,-0.4190192796800893,-0.320787056192476,0,0,0,-0.3716500718779127,-0.3516079970840336,-0.2249774364099486,277.0
-0.6163156344279368,0,0,-1.9713293180365066,-0.6429697290040094,-0.7533114479125705,-0.9277055909736324,0.23250959348927916,-0.4806036991533467,0.8844827466006201,-0.6924797326507012,-0.3826319940729894,-0.8320502943378437,0.6154889947267981,-0.5107408360688638,-0.5510874921221227,0.7839787547209865,0.50709255283711,-0.06834372600692254,-0.6179888957938303,-0.359861425058275,-0.3560438275719883,-0.7435223956449145,1.9802730043551005,1.029486615816718,-1.0390635191582012,-1.3206604954128616,1.122146135743369,1.8427586867202772,1.946401908420372,-1.3450301993417235,-0.35532545831691587,1.7108920648698787,0,1.9357607549139395,-0.37484495933673223,-0.37484646760826007,0,-0.40759166869958685,-0.40759036315762825,0,0,1.9408880537255935,-0.3516093683893675,-0.3516079970840336,0,-0.3687680275285902,-0.36876537862874914,0,-0.43719817312863024,0,1.918811909049867,-0.22497685890713592,-0.2249774364099486,0,-0.28122670840623937,-0.281214061121217,0,-0.35532545831691587,-0.4215384530167024,-0.4190192796800893,-0.320787056192476,0,0,0,-0.3716500718779127,-0.3516079970840336,-0.2249774364099486,271.72727272727275
0.44022545316281175,0,0,-0.20585568061235393,-1.874641564996375,-0.7533114479125705,-0.740149526359408,0.0020651542504298973,-0.6131342585743331,-0.6238603716488517,-1.3230575086444223,-0.3742326540450703,-0.8320502943378437,-1.4748509873642142,2.355411748322697,4.590607235704091,-0.9838398349603527,0.50709255283711,-0.9031135222343326,1.9148350788535897,-0.7758480265017856,1.976491043364692,0.44611343738694875,-0.9092433688885245,0.12104479359848805,-0.5335731584866438,-0.960480360300263,0.19317352604426974,1.1218731285774437,1.0250565418091315,0.8568702981896665,-0.35532545831691587,0.42290211238878417,0,1.3717931491307052,-0.37484495933673223,-0.37484646760826007,0,-0.40759166869958685,-0.40759036315762825,0,0,0.5434272761151504,-0.3516093683893675,-0.3516079970840336,0,-0.3687680275285902,-0.36876537862874914,0,-0.43719817312863024,0,0.9770624120270633,-0.22497685890713592,-0.2249774364099486,0,-0.28122670840623937,-0.281214061121217,0,-0.35532545831691587,-0.4215384530167024,-0.4190192796800893,-0.320787056192476,0,0,0,-0.3716500718779127,-0.3516079970840336,-0.2249774364099486,262.6
-1.6728567220186854,0,0,0.04599348864062002,-0.2047480408385163,4.0432838938980815,-0.7266678743369569,-0.9672830465912209,1.3803705658439844,0.300521182532582,0.9874523865570612,-0.3794327952068002,-0.8320502943378437,0.4064549965176969,0.2355151391872,-0.4075015317066289,-0.19327089729718516,-1.52127765851133,1.0300375848186172,-0.7454607512894721,1.541791610112059,-0.8037020351254927,0.44611343738694875,-0.9303674290607123,-0.7508267015628577,1.4883882841995857,1.7408706530442262,-0.8398474382716602,-0.3675079984640152,-0.286858871329729,0.8568702981896665,-0.35532545831691587,-0.37631841566106494,0,-0.36501236707637114,-0.37484495933673223,-0.37484646760826007,0,-0.40759166869958685,-0.40759036315762825,0,0,-0.3543943798390007,-0.3516093683893675,-0.3516079970840336,0,-0.3687680275285902,-0.36876537862874914,0,-0.43719817312863024,0,-0.12021662502090583,-0.22497685890713592,-0.2249774364099486,0,-0.28122670840623937,-0.281214061121217,0,-0.35532545831691587,-0.4215384530167024,-0.4190192796800893,-0.320787056192476,0,0,0,-0.3716500718779127,-0.3516079970840336,-0.2249774364099486,259.42857142857144
-0.6163156344279368,0,0,0.12297316441164255,0.04103400715114675,1.4605017867692691,-0.8971810958284603,-0.37439288010645105,3.5446471463444102,-0.6238603716488517,0.18153538203447364,4.397248446779979,-0.8320502943378437,-0.42968099631870804,-0.5571586718503415,-0.5242079405314355,0.08949613547254479,0.50709255283711,1.469390109148833,-1.0384370486745373,1.3635116380648402,-0.9577407245667504,0.44611343738694875,-0.9634923097951187,-0.7921228164103931,1.9938786448711432,1.3806905179316278,-0.8189807285061104,-0.5493637122246972,-0.4675671493264307,-1.3450301993417235,-0.35532545831691587,-0.40948331169650415,0,-0.6161959883668477,-0.37484495933673223,-0.37484646760826007,0,-0.40759166869958685,-0.40759036315762825,0,0,-0.507457323991594,-0.3516093683893675,-0.3516079970840336,0,-0.3687680275285902,-0.36876537862874914,0,-0.43719817312863024,0,-0.26142137343970073,-0.22497685890713592,-0.2249774364099486,0,-0.28122670840623937,-0.281214061121217,0,-0.35532545831691587,-0.4215384530167024,-0.4190192796800893,-0.320787056192476,0,0,0,-0.3716500718779127,-0.3516079970840336,-0.2249774364099486,254.9090909090909
-0.6163156344279368,0,0,-0.5346845256360508,-1.363019560902033,-0.38434257546559725,-0.5349570867724173,-0.48318907353486207,-0.4951995757415611,-0.6238603716488517,1.222846641371044,-0.23889049545956723,-0.8320502943378437,0.8245229929358994,-0.5866161445578177,-0.5359668365450372,0.20755014378506115,0.50709255283711,0.06346203129214222,-0.6968751670226907,0.4126851204796732,-0.7760357583428796,-0.7435223956449145,0.6380776888324632,1.4961763362503975,-1.5445538798297587,-0.960480360300263,1.2045197303303803,0.9047143607247848,0.8707665298342826,0.8568702981896665,-0.35532545831691587,0.43653604546736446,0,1.119766659555018,-0.37484495933673223,-0.37484646760826007,0,-0.40759166869958685,-0.40759036315762825,0,0,0.5846326147554974,-0.3516093683893675,-0.3516079970840336,0,-0.3687680275285902,-0.36876537862874914,0,-0.43719817312863024,0,0.939184647274219,-0.22497685890713592,-0.2249774364099486,0,-0.28122670840623937,-0.281214061121217,0,-0.35532545831691587,-0.4215384530167024,-0.4190192796800893,-0.320787056192476,0,0,0,-0.3716500718779127,-0.3516079970840336,-0.2249774364099486,252.1818181818182
0.44022545316281175,0,0,0.5521369647119476,-1.628278128366131,-0.015373703018623995,-0.8766618518697612,-0.517550463584032,-0.3607715523641068,-0.6238603716488517,-0.8876585680773291,-0.08462053499267577,-0.8320502943378437,2.0787269821905068,-0.8316487584427333,-0.5510874921221227,0.2598350317328513,0.50709255283711,-0.28801998817203045,-0.7302059226809774,-0.47871473975642087,-0.7855553374508755,-0.7435223956449145,0.7167860678331696,1.3147060850893966,-1.0390635191582012,-1.5007505629691607,1.714589576558432,0.5228355209854083,0.36882781451820196,0.8568702981896665,-0.35532545831691587,-0.3263351904127756,0,0.6997165953970467,-0.37484495933673223,-0.37484646760826007,0,-0.40759166869958685,-0.40759036315762825,0,0,-0.2561022131749976,-0.3516093683893675,-0.3516079970840336,0,-0.3687680275285902,-0.36876537862874914,0,-0.43719817312863024,0,0.27798996354418004,-0.22497685890713592,-0.2249774364099486,0,-0.28122670840623937,-0.281214061121217,0,-0.35532545831691587,-0.4215384530167024,-0.4190192796800893,-0.320787056192476,0,0,0,-0.3716500718779127,-0.3516079970840336,-0.2249774364099486,251.7333333333333
0.44022545316281175,0,0,-1.0152805299017766,2.351327119388579,-0.7533114479125705,0.10410713519747879,0.37486392369298344,-0.5195746896438791,0.8858282801583806,-0.9616549397500618,-0.3826719820493838,0.8320502943378437,-0.8477489927369105,0.15562290260177206,-0.5510874921221227,1.078444028859052,0.50709255283711,-0.7273725125022463,0.00526488947789368,-0.7758480265017856,1.331956040383949,0.44611343738694875,-0.3768254931554549,1.6672498542719656,-1.5445538798297587,-1.5007505629691607,1.9087593018255633,1.415308614424949,1.3352209945922104,0.6496326043043592,-0.35532545831691587,1.8921903514476766,0,1.1599670406106908,-0.37484495933673223,-0.37484646760826007,0,-0.40759166869958685,-0.40759036315762825,0,0,1.786018081133553,-0.3516093683893675,-0.3516079970840336,0,-0.3687680275285902,-0.36876537862874914,0,-0.43719817312863024,0,0.9024981020339039,-0.22497685890713592,-0.2249774364099486,0,-0.28122670840623937,-0.281214061121217,0,-0.35532545831691587,-0.4215384530167024,-0.4190192796800893,-0.320787056192476,0,0,0,-0.3716500718779127,-0.3516079970840336,-0.2249774364099486,239.53333333333333
-0.6163156344279368,0,0,0.11285535379560714,0.849164218163789,0.3535951694283493,-0.562259551874488,-0.907842304324345,-0.543803844780315,-0.6238603716488517,-0.6275988560391023,-0.29466888507463224,0.8320502943378437,0.19742099830859564,-0.6144370910037675,-0.45243707288417584,-0.3330246968502019,-1.52127765851133,-0.5955667552031816,-0.280083993602924,-0.6569947118036397,0.06829141116692623,2.8253851034506754,-1.3465702740632006,-0.5376573199907208,-0.5335731584866438,0.4802401801501313,-0.006985277652154219,-0.5109405846123164,-0.5393834709742199,0.6496326043043592,-0.35532545831691587,-0.021144237445595966,0,-0.8574248915941012,-0.37484495933673223,-0.37484646760826007,0,-0.40759166869958685,-0.40759036315762825,0,0,-0.27608133042803806,-0.3516093683893675,-0.3516079970840336,0,-0.3687680275285902,-0.36876537862874914,0,-0.43719817312863024,0,-0.4521748220885302,-0.22497685890713592,-0.2249774364099486,0,-0.28122670840623937,-0.281214061121217,0,-0.35532545831691587,-0.4215384530167024,-0.4190192796800893,-0.320787056192476,0,0,0,-0.3716500718779127,-0.3516079970840336,-0.2249774364099486,239.1818181818182
-1.6728567220186854,0,0,-1.4596210461262846,-0.49675048578895803,-0.38434257546559725,-0.3968337462405132,-0.10280402317236172,-0.45009831708397874,-0.6238603716488517,-0.2908617443689859,-0.18713216996090332,-0.8320502943378437,-0.42968099631870804,-0.6840638446759839,-0.4451594390061756,0.06627825184073376,0.50709255283711,-0.06834372600692254,-0.9328025848170833,-0.1815814530110562,-0.848741543780198,-0.7435223956449145,1.1183721095895773,-1.129616769090427,-0.02808279781508642,-0.6003002251876643,-0.6706322064599126,1.2655120687945545,1.3641826858465966,-1.3450301993417235,-0.35532545831691587,1.1740107393383845,0,1.3182399599777501,-0.37484495933673223,-0.37484646760826007,0,-0.40759166869958685,-0.40759036315762825,0,0,1.3471307465893727,-0.3516093683893675,-0.3516079970840336,0,-0.3687680275285902,-0.36876537862874914,0,-0.43719817312863024,0,1.3911092043631936,-0.22497685890713592,-0.2249774364099486,0,-0.28122670840623937,-0.281214061121217,0,-0.35532545831691587,-0.4215384530167024,-0.4190192796800893,-0.320787056192476,0,0,0,-0.3716500718779127,-0.3516079970840336,-0.2249774364099486,222.28571428571428
0.44022545316281175,1,0,-0.5446366608078205,-1.9296305052634226,-1.491249192806517,2.8619104812994913,2.7841774935042682,-0.6147398049990367,-0.6238603716488517,0.43945027170537493,-0.3760751834317541,-0.8320502943378437,0.4064549965176969,-0.8352193611951547,2.142959026991399,-0.9838398349603527,-1.52127765851133,-0.8591782698013111,1.267549714267114,-0.7758480265017856,2.1687270439767827,0.44611343738694875,-0.5716508035360979,0.14438291484154928,-0.02808279781508642,-1.1405704278565623,-0.23851544454963236,1.3803935059823342,1.3087943894712346,0.8568702981896665,-0.35532545831691587,0.7378506841278887,0,1.666468773938045,-0.37484495933673223,-0.37484646760826007,0,-0.40759166869958685,-0.40759036315762825,0,0,0.8853713525487178,-0.3516093683893675,-0.3516079970840336,0,-0.3687680275285902,-0.36876537862874914,0,-0.43719817312863024,0,1.2683231222045892,-0.22497685890713592,-0.2249774364099486,0,-0.28122670840623937,-0.281214061121217,0,-0.35532545831691587,-0.4215384530167024,-0.4190192796800893,-0.320787056192476,0,0,0,-0.3716500718779127,-0.3516079970840336,-0.2249774364099486,221.86666666666667
0.44022545316281175,0,0,-1.1291058993329988,-0.372478663771585,0.3535951694283493,-0.6155078378499549,-0.67552360744645,-0.35931196470528537,-0.6238603716488517,-0.5637903906111662,-0.08294550827750866,-0.8320502943378437,-1.0567829909460118,1.1768152897942805,-0.5510874921221227,0.667978636114361,0.50709255283711,-0.33195524060505205,-0.20610852336446964,-0.47871473975642087,0.06519754795682753,-0.7435223956449145,0.5424635217372973,0.03416300267805716,0.47740756285647096,-0.2401200900750658,-0.37593152184394774,0.8823290713403001,0.9767731578866163,-1.3450301993417235,-0.35532545831691587,0.8296949588054521,0,0.9063701543351903,-0.37484495933673223,-0.37484646760826007,0,-0.40759166869958685,-0.40759036315762825,0,0,0.9551582818580643,-0.3516093683893675,-0.3516079970840336,0,-0.3687680275285902,-0.36876537862874914,0,-0.43719817312863024,0,1.0423834617521124,-0.22497685890713592,-0.2249774364099486,0,-0.28122670840623937,-0.281214061121217,0,-0.35532545831691587,-0.4215384530167024,-0.4190192796800893,-0.320787056192476,0,0,0,-0.3716500718779127,-0.3516079970840336,-0.2249774364099486,220.8
-0.6163156344279368,0,0,-0.47650711459347284,1.3113681877715755,0.7225640418753225,0.5177140444145616,0.12192839278558668,-0.3556629955582318,-0.6238603716488517,-0.044207172126543896,-0.07875794148959085,2.496150883013531,-0.2206469981096068,0.08406207243866064,-0.5510874921221227,0.5627391135755558,-1.52127765851133,1.249713846983725,-0.9147266577672916,1.1258050086685485,-0.9000877735939504,-0.7435223956449145,0.5312801957637858,-0.06718696932452088,0.47740756285647096,-0.4202101576313651,-0.5163896707213955,0.2826146224025689,0.23106589700525704,0.6496326043043592,-0.35532545831691587,0.7550385605464449,0,-0.021290680367517637,-0.37484495933673223,-0.37484646760826007,0,-0.40759166869958685,-0.40759036315762825,0,0,0.5604201304072267,-0.3516093683893675,-0.3516079970840336,0,-0.3687680275285902,-0.36876537862874914,0,-0.43719817312863024,0,0.10894234386100328,-0.22497685890713592,-0.2249774364099486,0,-0.28122670840623937,-0.281214061121217,0,-0.35532545831691587,-0.4215384530167024,-0.4190192796800893,-0.320787056192476,0,0,0,-0.3716500718779127,-0.3516079970840336,-0.2249774364099486,219.1818181818182
-1.6728567220186854,0,0,0.18958208430096668,-0.14428362217266175,2.567408404110189,-0.8440176001172854,-1.322142492917195,0.9807354648586751,-0.6238603716488517,0.18153538203447364,1.4548965189174212,-0.8320502943378437,-0.42968099631870804,0.20992581946151362,-0.4094448355518,-0.19090445915778903,-1.52127765851133,-0.02440847357390095,0.4026218291909476,0.056125176385235565,-0.11323506294866936,1.635749270418812,-0.9718307545999295,-0.7508267015628577,0.9828979235280284,1.9209607206005255,-0.8304835616798304,-0.5361735601463761,-0.4547916494699034,0.8568702981896665,-0.35532545831691587,-0.5158421425811371,0,-0.5321842010757057,-0.37484495933673223,-0.37484646760826007,0,-0.40759166869958685,-0.40759036315762825,0,0,-0.5277418545020057,-0.3516093683893675,-0.3516079970840336,0,-0.3687680275285902,-0.36876537862874914,0,-0.43719817312863024,0,-0.2744795518935076,-0.22497685890713592,-0.2249774364099486,0,-0.28122670840623937,-0.281214061121217,0,-0.35532545831691587,-0.4215384530167024,-0.4190192796800893,-0.320787056192476,0,0,0,-0.3716500718779127,-0.3516079970840336,-0.2249774364099486,215.57142857142856
-0.6163156344279368,0,0,-1.3559134873110978,-0.44442550809743253,-0.7533114479125705,-0.7493916651672516,-0.16162001289288913,-0.1977356108737524,-0.6238603716488517,-0.2908617443689859,0.10247994909149119,-0.8320502943378437,-0.2206469981096068,-1.0909637833373345,-0.4615678260469287,-0.21756037555815674,0.50709255283711,-0.24408473573900888,-0.16859836260796515,-0.41928808240734794,-0.1867143141885124,-0.7435223956449145,0.9338145312430937,-1.129616769090427,-0.02808279781508642,-0.2401200900750658,-0.6693963648792651,1.1406596030018858,1.2375034310681978,-1.3450301993417235,-0.35532545831691587,1.0650965288398306,0,1.1829462917548514,-0.37484495933673223,-0.37484646760826007,0,-0.40759166869958685,-0.40759036315762825,0,0,1.2202569892563702,-0.3516093683893675,-0.3516079970840336,0,-0.3687680275285902,-0.36876537862874914,0,-0.43719817312863024,0,1.278124295408948,-0.22497685890713592,-0.2249774364099486,0,-0.28122670840623937,-0.281214061121217,0,-0.35532545831691587,-0.4215384530167024,-0.4190192796800893,-0.320787056192476,0,0,0,-0.3716500718779127,-0.3516079970840336,-0.2249774364099486,189.72727272727272
-0.6163156344279368,0,0,0.01673615294252189,0.43347133983758784,-0.38434257546559725,0.16074703174463162,0.05570462287264068,0.13942913831399936,-0.2080905023008706,-1.263002482359306,-0.37995268054942094,-0.8320502943378437,-0.011612999900505582,-0.5879551205899758,-0.4399525813808611,-0.5923952468832608,-1.52127765851133,1.4254548567158114,-0.9712531117206868,1.7794982395083507,-0.9322758504528613,1.635749270418812,-0.9820330870669923,-0.7913230677073599,0.47740756285647096,1.2006004503753285,-0.7805745747690621,-0.49841901971693897,-0.44606895178718303,-1.3450301993417235,-0.35532545831691587,-0.16454427867232338,0,-0.6621811075483864,-0.37484495933673223,-0.37484646760826007,0,-0.40759166869958685,-0.40759036315762825,0,0,-0.36922389022469704,-0.3516093683893675,-0.3516079970840336,0,-0.3687680275285902,-0.36876537862874914,0,-0.43719817312863024,0,-0.23230434965875188,-0.22497685890713592,-0.2249774364099486,0,-0.28122670840623937,-0.281214061121217,0,-0.35532545831691587,-0.4215384530167024,-0.4190192796800893,-0.320787056192476,0,0,0,-0.3716500718779127,-0.3516079970840336,-0.2249774364099486,186.9090909090909
-0.6163156344279368,0,0,-1.6383690336778411,-0.5643369153068342,-0.7533114479125705,-0.6804571802977379,-0.2336450564505,-0.39974254285463917,-0.6238603716488517,-0.8688913723632303,-0.12934374828763778,-0.8320502943378437,-1.265816989155113,2.420128923210334,-0.5510874921221227,0.5732764607623009,0.50709255283711,0.28313829345725017,-0.7648949849961847,-0.06272813831291031,-0.7565801185409132,-0.7435223956449145,1.476892536412902,-0.4134054533103722,-0.02808279781508642,-0.960480360300263,-0.29636233699763714,1.472897907948382,1.5738443159985613,-1.3450301993417235,-0.35532545831691587,1.3620395026839238,0,1.5412008021602823,-0.37484495933673223,-0.37484646760826007,0,-0.40759166869958685,-0.40759036315762825,0,0,1.5594523463735959,-0.3516093683893675,-0.3516079970840336,0,-0.3687680275285902,-0.36876537862874914,0,-0.43719817312863024,0,1.579932575827165,-0.22497685890713592,-0.2249774364099486,0,-0.28122670840623937,-0.281214061121217,0,-0.35532545831691587,-0.4215384530167024,-0.4190192796800893,-0.320787056192476,0,0,0,-0.3716500718779127,-0.3516079970840336,-0.2249774364099486,178.63636363636363
-0.6163156344279368,0,0,-0.7270915575193301,1.3972683594816921,-0.015373703018623995,-0.6938540420558968,-0.813772420917007,-0.5132984627109469,-0.6238603716488517,-0.18844647632918932,-0.25966082672763946,0.8320502943378437,0.6154889947267981,-1.4684062492912089,-0.13708767987782458,-0.9450838292057141,-1.52127765851133,-0.41982574547109525,0.5192272314312232,-0.12215479566198326,0.2056708371691912,-0.7435223956449145,0.6361811013866633,-1.8496087151030027,-0.02808279781508642,-0.6003002251876643,-0.6342224121992949,0.5671768832912537,0.5211748163973776,0.6496326043043592,-0.35532545831691587,1.0156558303403425,0,0.28491893150059805,-0.37484495933673223,-0.37484646760826007,0,-0.40759166869958685,-0.40759036315762825,0,0,0.8446156500928339,-0.3516093683893675,-0.3516079970840336,0,-0.3687680275285902,-0.36876537862874914,0,-0.43719817312863024,0,0.36429306329055994,-0.22497685890713592,-0.2249774364099486,0,-0.28122670840623937,-0.281214061121217,0,-0.35532545831691587,-0.4215384530167024,-0.4190192796800893,-0.320787056192476,0,0,0,-0.3716500718779127,-0.3516079970840336,-0.2249774364099486,171.63636363636363
-0.6163156344279368,0,0,-1.0894778077532024,1.873134962152941,-0.7533114479125705,-0.0557225129932143,0.3060518932308795,-0.5918242787555402,0.6759250451477493,-0.8688913723632303,-0.3827411308449187,2.496150883013531,-0.8477489927369105,0.6558048381701307,-0.5510874921221227,0.5220631674436713,-1.52127765851133,-0.4637609979041168,0.11507875843356548,-0.41928808240734794,-0.017622790282736195,0.44611343738694875,-0.8383502381558569,0.8982551240917156,-1.0390635191582012,-1.1405704278565623,0.9032120464947994,1.1668583155779755,1.1075886058300521,0.6496326043043592,-0.35532545831691587,1.6148412422124765,0,0.9326055387495855,-0.37484495933673223,-0.37484646760826007,0,-0.40759166869958685,-0.40759036315762825,0,0,1.4863567734427263,-0.3516093683893675,-0.3516079970840336,0,-0.3687680275285902,-0.36876537862874914,0,-0.43719817312863024,0,0.8070874505714742,-0.22497685890713592,-0.2249774364099486,0,-0.28122670840623937,-0.281214061121217,0,-0.35532545831691587,-0.4215384530167024,-0.4190192796800893,-0.320787056192476,0,0,0,-0.3716500718779127,-0.3516079970840336,-0.2249774364099486,162.0909090909091
-0.6163156344279368,0,0,0.48552804482262346,0.4189366238117051,-0.38434257546559725,0.3623782802313522,-0.08093768405016272,-0.4722840494980645,-0.6238603716488517,-1.7900925791295679,-0.2125925760314435,-0.8320502943378437,-1.0567829909460118,1.9736548040429804,0.3818583444388262,-0.9604433522236815,0.50709255283711,-0.8152430173682895,-0.5036821663575745,-0.7164213691527127,0.5241007583316519,-0.7435223956449145,-0.3307841979194789,-1.1257634344303578,0.47740756285647096,0.6603302477064306,-0.636456433518158,-1.0072716450763486,-0.9585399492956881,-1.3450301993417235,-0.35532545831691587,-0.5950274597866625,0,-1.1796490008812168,-0.16555742571167328,-0.16559917153662973,1,0.3230450348366911,0.32283862054616386,1,0,-0.8743180320057049,-0.3516093683893675,-0.3516079970840336,0,-0.3687680275285902,-0.36876537862874914,0,-0.38471592470305527,0,-0.6646642571590261,-0.22497685890713592,-0.2249774364099486,0,-0.28122670840623937,-0.281214061121217,0,-0.35532545831691587,-0.4215384530167024,-0.4190192796800893,-0.320787056192476,0,0,0,-0.3716500718779127,-0.3516079970840336,-0.2249774364099486,154.0909090909091
0.44022545316281175,0,0,0.1744053683767638,-0.5839587819411562,0.3535951694283493,-0.912867294722507,-0.5695834256584896,0.09286829199759554,1.394439964991833,1.1638640262695903,-0.38222945492017346,-0.8320502943378437,-0.2206469981096068,-0.03525556953808656,-0.19770709655545504,-0.65392263850756,-1.52127765851133,0.7664260702204876,-1.0374966825274383,1.3635116380648402,-0.9699971826682948,-0.7435223956449145,0.1285823613667368,-0.24938426476100625,0.47740756285647096,0.8404203152627299,-0.6471987487960947,-0.24051770451847748,-0.26082420386753685,0.8568702981896665,-0.35532545831691587,-0.5017364471122948,0,-0.09059219800730113,-0.37484495933673223,-0.37484646760826007,0,-0.40759166869958685,-0.40759036315762825,0,0,-0.3651347460565589,-0.3516093683893675,-0.3516079970840336,0,-0.3687680275285902,-0.36876537862874914,0,-0.43719817312863024,0,-0.0709318025309882,-0.22497685890713592,-0.2249774364099486,0,-0.28122670840623937,-0.281214061121217,0,-0.35532545831691587,-0.4215384530167024,-0.4190192796800893,-0.320787056192476,0,0,0,-0.3716500718779127,-0.3516079970840336,-0.2249774364099486,152.4
0.44022545316281175,0,0,0.16007180333750512,0.4828893743231106,-0.7533114479125705,-0.157894781465249,-0.06576512221026931,-0.17992864143613088,-0.2080905023008706,-0.8259949250167187,-0.3811387512461153,-0.8320502943378437,-0.6387149945278092,-0.5419836101525507,-0.2912685918240192,-0.9163293733232404,-1.52127765851133,-0.20014948330598728,-0.537221892270772,0.056125176385235565,-0.6259238952836703,0.44611343738694875,-0.8581336072025654,-0.7913230677073599,1.4883882841995857,0.8404203152627299,-0.7195430136324653,-0.6513356388677374,-0.603602873320902,-1.3450301993417235,-0.35532545831691587,-0.2724913762708396,0,-0.8390326183810336,-0.37484495933673223,-0.37484646760826007,0,-0.40759166869958685,-0.40759036315762825,0,0,-0.5083396289573333,-0.3516093683893675,-0.3516079970840336,0,-0.3687680275285902,-0.36876537862874914,0,-0.43719817312863024,0,-0.3819607251253053,-0.22497685890713592,-0.2249774364099486,0,-0.28122670840623937,-0.281214061121217,0,-0.35532545831691587,-0.4215384530167024,-0.4190192796800893,-0.320787056192476,0,0,0,-0.3716500718779127,-0.3516079970840336,-0.2249774364099486,149.26666666666668
1.4967665407535604,0,0,-0.7142756640722521,1.358606014853629,-0.015373703018623995,-0.6493391533025208,-0.7998493641698108,-0.42338786292754643,-0.6238603716488517,-0.3868425453068057,-0.15647918107334507,0.8320502943378437,0.6154889947267981,-1.0311561872342767,-0.1897606661176207,-0.8041691354711068,-1.52127765851133,-0.41982574547109525,0.5458709389323615,-0.1815814530110562,0.18312133415712611,-0.7435223956449145,0.701220970864189,-1.8496087151030027,-0.02808279781508642,-0.6003002251876643,-0.7632252602715092,0.5358605898086817,0.4923548898280836,0.6496326043043592,-0.35532545831691587,0.9812800775032301,0,0.25181638863617195,-0.37484495933673223,-0.37484646760826007,0,-0.40759166869958685,-0.40759036315762825,0,0,0.8086277879325799,-0.3516093683893675,-0.3516079970840336,0,-0.3687680275285902,-0.36876537862874914,0,-0.43719817312863024,0,0.34777431675921366,-0.22497685890713592,-0.2249774364099486,0,-0.28122670840623937,-0.281214061121217,0,-0.35532545831691587,-0.4215384530167024,-0.4190192796800893,-0.320787056192476,0,0,0,-0.3716500718779127,-0.3516079970840336,-0.2249774364099486,141.73684210526315
-0.6163156344279368,0,0,-0.16538443814761322,1.527935456549586,0.3535951694283493,-0.28796304688939917,-0.3656463444575715,-0.5756228557426222,-0.6238603716488517,-0.3964942459597708,-0.33118446746527536,0.8320502943378437,-0.8477489927369105,-0.06560569293366798,-0.49439283814116536,-0.5226076466591825,-1.52127765851133,-0.8591782698013111,1.3111200124160343,-0.7164213691527127,0.7754771441521671,-0.7435223956449145,0.20722534080034632,0.6223418215452424,-0.5335731584866438,-0.6003002251876643,0.5347411259878704,0.13044913206223777,0.04454526691978274,0.6496326043043592,-0.35532545831691587,0.6651442370819657,0,-0.15737398308919218,-0.37484495933673223,-0.37484646760826007,0,-0.40759166869958685,-0.40759036315762825,0,0,0.4629593664994009,-0.3516093683893675,-0.3516079970840336,0,-0.3687680275285902,-0.36876537862874914,0,-0.43719817312863024,0,-0.16482704182874416,-0.22497685890713592,-0.2249774364099486,0,-0.28122670840623937,-0.281214061121217,0,-0.35532545831691587,-0.4215384530167024,-0.4190192796800893,-0.320787056192476,0,0,0,-0.3716500718779127,-0.3516079970840336,-0.2249774364099486,121.0909090909091
0.44022545316281175,0,0,-0.9012022152048916,-0.47640188335313527,1.8294706592162424,-0.006459369439478213,-0.40554125706011435,-0.5830667528026116,-0.6238603716488517,-0.26083423122642774,-0.33972710371262765,-0.8320502943378437,-0.8477489927369105,1.2852723483990793,-0.23566937674641414,-0.2736404944842235,0.50709255283711,-0.5516315027701599,0.49028485112606535,-0.6569947118036397,0.21043062672318902,-0.7435223956449145,-0.036224547716586494,-0.7521353812587303,0.47740756285647096,0.12006004503753274,-0.71640587731236,0.6903042290686722,0.7905777526669416,-1.3450301993417235,-0.35532545831691587,0.5964713584727849,0,0.7213472572848707,-0.37484495933673223,-0.37484646760826007,0,-0.40759166869958685,-0.40759036315762825,0,0,0.7443043624495423,-0.3516093683893675,-0.3516079970840336,0,-0.3687680275285902,-0.36876537862874914,0,-0.43719817312863024,0,0.85576158457712,-0.22497685890713592,-0.2249774364099486,0,-0.28122670840623937,-0.281214061121217,0,-0.35532545831691587,-0.4215384530167024,-0.4190192796800893,-0.320787056192476,0,0,0,-0.3716500718779127,-0.3516079970840336,-0.2249774364099486,113.53333333333332
-0.6163156344279368,0,0,0.04540328302133881,1.3164553383800148,-0.38434257546559725,-0.850207289410612,-0.6668663221613346,-0.5999979696449402,0.23593557176008007,-0.11927595498293928,-0.3827383296090363,0.8320502943378437,1.2425909893541018,-0.7849333724318873,0.37652119613848395,-0.9140968845124894,-1.52127765851133,-0.5076962503371384,-0.8802465657069949,-0.47871473975642087,-0.8804536416837091,0.44611343738694875,-0.7768746450850934,0.6223418215452424,-0.5335731584866438,-0.7803902927439637,0.19583533867951072,-0.19220608992873212,-0.2766601531022271,0.6496326043043592,-0.35532545831691587,0.35544795328778117,0,-0.5066763450759134,-0.37484495933673223,-0.37484646760826007,0,-0.40759166869958685,-0.40759036315762825,0,0,0.12905783917661162,-0.3516093683893675,-0.3516079970840336,0,-0.3687680275285902,-0.36876537862874914,0,-0.43719817312863024,0,-0.4055287769997864,-0.22497685890713592,-0.2249774364099486,0,-0.28122670840623937,-0.281214061121217,0,-0.35532545831691587,-0.4215384530167024,-0.4190192796800893,-0.320787056192476,0,0,0,-0.3716500718779127,-0.3516079970840336,-0.2249774364099486,104.8181818181818
-0.6163156344279368,0,0,0.3025643028478437,0.2823102931729514,-0.38434257546559725,-0.6788461652761872,-0.5113029381205467,1.5696790851931246,-0.2080905023008706,-0.9257291650973583,-0.3746408401669217,2.496150883013531,-0.6387149945278092,-0.5403470838910243,-0.40293680549467853,-0.11834857280837938,0.50709255283711,-0.8152430173682895,0.49728535466558,-0.7164213691527127,0.7134808852113443,0.44611343738694875,-0.9046326994082174,-0.9397128043338031,1.9938786448711432,0.8404203152627299,-0.8544874077654855,-0.7996629435282063,-0.7374620924442548,-1.3450301993417235,-0.35532545831691587,-0.49889801006421663,0,-0.9284742518884793,-0.37484495933673223,-0.37484646760826007,0,-0.40732465133730794,-0.4071148234546961,1,0,-0.7134161475805811,-0.3516093683893675,-0.3516079970840336,0,-0.3687680275285902,-0.36876537862874914,0,-0.43719817312863024,0,-0.4741219107022904,-0.22497685890713592,-0.2249774364099486,0,-0.28122670840623937,-0.281214061121217,0,-0.35532545831691587,-0.4215384530167024,-0.4190192796800893,-0.320787056192476,0,0,0,-0.3716500718779127,-0.3516079970840336,-0.2249774364099486,100.54545454545456
-0.6163156344279368,0,0,0.4348546766535925,0.31450468916951746,-0.015373703018623995,0.06688420917322717,-0.3593095686303219,-0.374199758825264,-0.6238603716488517,-1.2941024066855271,-0.10003078077221324,0.8320502943378437,-1.0567829909460118,0.3064808688915746,0.1211046464856159,-0.46335739362184913,-1.52127765851133,-0.7713077649352679,0.5813958822672126,-0.7164213691527127,0.7724427783114934,0.44611343738694875,-0.5658302420645044,-1.1257634344303578,0.47740756285647096,0.6603302477064306,-1.0118195474556215,-0.9464714822422352,-0.8867319667470217,-1.3450301993417235,-0.35532545831691587,-0.6058150931106602,0,-1.086986723294493,-0.37484495933673223,-0.37484646760826007,0,-0.1249657073550404,-0.12511977961592738,1,0,-0.8533208705614267,-0.3516093683893675,-0.3516079970840336,0,-0.3687680275285902,-0.36876537862874914,0,-0.3938992059788069,0,-0.6073047758215178,-0.22497685890713592,-0.2249774364099486,0,-0.28122670840623937,-0.281214061121217,0,-0.35532545831691587,-0.4215384530167024,-0.4190192796800893,-0.320787056192476,0,0,0,-0.3716500718779127,-0.3516079970840336,-0.2249774364099486,99.36363636363636
0.44022545316281175,0,0,0.051832896879494675,0.2717266289673114,0.7225640418753225,-0.8316382215306323,-1.048411627252768,2.4566705054589115,-0.2080905023008706,-0.9257291650973583,-0.37134662096042637,-0.8320502943378437,-0.6387149945278092,0.7151661089291359,-0.5510874921221227,0.3672623933061926,0.50709255283711,2.1723541480771784,0.22750475557562339,2.8491780717916635,-0.24966253104013478,1.635749270418812,-0.9937723093608244,-0.6489677985674404,1.9938786448711432,1.5607805854879269,-0.6973453975492953,-0.5282743263923378,-0.4657075302219884,-1.3450301993417235,-0.35532545831691587,-0.26502966779819087,0,-0.645359231035132,-0.37484495933673223,-0.37484646760826007,0,-0.40759166869958685,-0.40759036315762825,0,0,-0.43649116016073025,-0.3516093683893675,-0.3516079970840336,0,-0.3687680275285902,-0.36876537862874914,0,-0.43719817312863024,0,-0.22559431569576816,-0.22497685890713592,-0.2249774364099486,0,-0.28122670840623937,-0.281214061121217,0,-0.35532545831691587,-0.4215384530167024,-0.4190192796800893,-0.320787056192476,0,0,0,-0.3716500718779127,-0.3516079970840336,-0.2249774364099486,95.66666666666669
-0.6163156344279368,0,0,0.05535249728695165,1.0167252035826027,-0.38434257546559725,-0.3864045437325794,-0.7272888184296152,-0.5474528139273686,-0.6238603716488517,-0.6275988560391023,-0.29885645186255,0.8320502943378437,-0.8477489927369105,0.736589725443664,-0.531109660881153,0.11494650791510702,0.50709255283711,-0.33195524060505205,-0.7180856478961457,-0.47871473975642087,-0.6704279276135509,1.635749270418812,-1.0014567584946699,-0.5376573199907208,-0.5335731584866438,-0.06003002251876653,-0.12491308386702664,-0.3779990393223044,-0.42984940399283206,0.6496326043043592,-0.35532545831691587,0.13484399689463,0,-0.7311987116605202,-0.37484495933673223,-0.37484646760826007,0,-0.40759166869958685,-0.40759036315762825,0,0,-0.11152297061605207,-0.3516093683893675,-0.3516079970840336,0,-0.3687680275285902,-0.36876537862874914,0,-0.43719817312863024,0,-0.4193484312179321,-0.22497685890713592,-0.2249774364099486,0,-0.28122670840623937,-0.281214061121217,0,-0.35532545831691587,-0.4215384530167024,-0.4190192796800893,-0.320787056192476,0,0,0,-0.3716500718779127,-0.3516079970840336,-0.2249774364099486,84.63636363636364
