count,lat,lon
542,30.32326,-97.7477495
605,30.3289062,-97.756538
431,30.3151008,-97.7513886
1010,30.3119231,-97.7536549
710,30.3342867,-97.7695659
311,30.3191841,-97.7637484
248,30.3080669,-97.7379856
998,30.3166404,-97.7355011
575,30.3003039,-97.7429433
459,30.3135477,-97.7457495
363,30.3071855,-97.7445644
504,30.3304798,-97.7364481
796,30.3234058,-97.7374378
386,30.3202581,-97.7314608
1113,30.3258666,-97.7308018
479,30.3202581,-97.7435341
469,30.3313364,-97.7449009
808,30.3280186,-97.7412785
348,30.299731,-97.7195388
698,30.303463,-97.7235799
724,30.3017976,-97.7277873
910,30.3075157,-97.7321039
680,30.3034546,-97.7346888
699,30.3082259,-97.714499
901,30.3105055,-97.7192952
704,30.312085,-97.7234539
577,30.3138371,-97.7287094
621,30.3190733,-97.7256729
887,30.2970325,-97.7125652
1552,30.2961202,-97.6944443
923,30.2945494,-97.7029865
303,30.289294,-97.7032871
1668,30.3020804,-97.7059301
619,30.2885489,-97.7200794
1335,30.2933071,-97.7248275
370,30.2855617,-97.7297581
1012,30.2876972,-97.7122116
401,30.2836184,-97.7100419
458,30.2816518,-97.7219621
936,30.2985208,-97.7378186
559,30.2975252,-97.7329994
647,30.2939335,-97.7350124
334,30.2935354,-97.7308719
454,30.2937354,-97.7396449
24,30.2860516,-97.7376998
633,30.2968138,-97.748605
463,30.2893042,-97.7496601
826,30.2918779,-97.7485471
198,30.2943811,-97.74318
613,30.2919097,-97.7427939
441,30.2894014,-97.746111
440,30.2891904,-97.7429845
603,30.2858433,-97.7510816
508,30.2867081,-97.7463836
356,30.2842227,-97.746558
790,30.2864722,-97.7432417
654,30.2836545,-97.7434434
815,30.2777004,-97.7411232
942,30.2669322,-97.7014639
701,30.2786949,-97.7058611
559,30.274356,-97.7038305
257,30.2700814,-97.7111778
1262,30.278278,-97.7131038
307,30.2771064,-97.7185926
517,30.2757418,-97.7259909
545,30.2696968,-97.7174616
639,30.2703213,-97.7245579
712,30.2639172,-97.7172216
759,30.2664785,-97.7273353
784,30.2609284,-97.7067363
1122,30.2570243,-97.7106188
966,30.2568324,-97.7178294
1641,30.2619393,-97.7293714
295,30.2579877,-97.7339922
236,30.2564141,-97.7280837
370,30.2527922,-97.716717
245,30.2505103,-97.7208292
338,30.253259,-97.7333118
309,30.2696516,-97.7375527
573,30.2723402,-97.7466337
1500,30.2684664,-97.7492191
687,30.266609,-97.7450234
565,30.2649737,-97.7483854
1901,30.2590809,-97.73992
925,30.2646001,-97.7396453
598,30.2745143,-97.7577556
545,30.2760573,-97.7550409
629,30.2792534,-97.7638158
2318,30.2678356,-97.7544259
420,30.270168,-97.7598134
889,30.2432154,-97.7739904
469,30.2543893,-97.7723068
298,30.2504764,-97.7773945
421,30.2495826,-97.7704511
830,30.2310665,-97.7712704
447,30.2419411,-97.7652834
1093,30.2373993,-97.7683911
1056,30.2276787,-97.7650543
307,30.2387552,-97.7578847
414,30.2336556,-97.7611383
1010,30.2651797,-97.7605954
557,30.2590909,-97.7673313
860,30.2588747,-97.7609476
1158,30.2546801,-97.7649644
644,30.253134,-97.7633395
993,30.2582419,-97.7524205
523,30.2460782,-97.7620349
1121,30.2452677,-97.7539204
717,30.2532837,-97.7582224
572,30.2451057,-97.7478799
428,30.2572229,-97.7446876
662,30.2518448,-97.7453374
312,30.2464417,-97.7395444
343,30.2431726,-97.7435354
651,30.2387313,-97.7408358
437,30.2363404,-97.7371275
424,30.2429489,-97.7333201
542,30.3535575,-97.7361693
874,30.3434565,-97.7489245
277,30.3551472,-97.7427757
638,30.342315,-97.7425532
1033,30.3200145,-97.719512
216,30.3355469,-97.7153918
946,30.3278956,-97.7196904
1159,30.3281841,-97.7106612
1614,30.3455683,-97.7184735
439,30.3428188,-97.7228248
478,30.3510548,-97.7281022
654,30.3455555,-97.7307654
406,30.3353845,-97.7348826
888,30.340576,-97.7331831
532,30.3365973,-97.7246132
624,30.331548,-97.7268225
552,30.2900812,-97.7782019
512,30.282723,-97.7692115
430,30.2844792,-97.7803279
301,30.3022305,-97.7517021
464,30.3050217,-97.7556922
167,30.2968156,-97.7525856
285,30.2932096,-97.7550104
534,30.2976137,-97.7626199
589,30.2992975,-97.7824293
241,30.3087824,-97.7679767
366,30.3026924,-97.7715088
515,30.2951537,-97.7728125
1070,30.291025,-97.7660167
430,30.2872384,-97.7593565
342,30.282437,-97.754079
676,30.2822969,-97.7597566
31,30.3056732,-97.7608291
416,30.2888801,-97.793555
444,30.2676259,-97.8127632
811,30.2595416,-97.8017714
297,30.2680866,-97.7978191
686,30.2499194,-97.7969387
687,30.2585241,-97.7909024
581,30.2658389,-97.7751242
1395,30.3220747,-97.8279266
350,30.3356906,-97.7913994
1038,30.3185118,-97.8071485
752,30.3103592,-97.7897504
484,30.247825,-97.8260227
505,30.2471097,-97.835392
656,30.2513378,-97.8428626
861,30.2622302,-97.8440825
492,30.2446451,-97.8190526
1883,30.2405635,-97.8366971
782,30.3051275,-97.8926604
243,30.3041386,-97.8520034
412,30.2787518,-97.8374308
409,30.2644731,-97.8194467
696,30.2872347,-97.8388146
222,30.2998867,-97.8009244
195,30.2856769,-97.8166258
519,30.2935356,-97.8112498
439,30.2744708,-97.7861878
790,30.2786148,-97.7998997
844,30.2494198,-97.8896082
1315,30.2462086,-97.871677
770,30.2654477,-97.8977772
1062,30.2832128,-97.8826267
721,30.2944105,-97.8695853
1019,30.2406956,-97.7937192
404,30.250589,-97.7900043
1220,30.2600636,-97.7778863
655,30.2522502,-97.7806429
987,30.2239737,-97.783038
343,30.2209436,-97.7891755
702,30.2192206,-97.7781233
932,30.2191547,-97.7700294
537,30.232703,-97.7888007
1148,30.2395848,-97.784876
397,30.2351783,-97.7903521
654,30.2305719,-97.7797172
615,30.2350232,-97.7761059
524,30.2437223,-97.7790841
866,30.2350554,-97.7825504
659,30.3172502,-97.6946194
549,30.3114555,-97.6991172
513,30.3085319,-97.7034163
430,30.3167562,-97.7105296
326,30.3192233,-97.6998724
1133,30.3169564,-97.7053727
289,30.3113948,-97.6890435
452,30.3036944,-97.6866421
565,30.3057436,-97.6934095
302,30.2896637,-97.6883221
522,30.2959769,-97.6810896
451,30.3007794,-97.6789798
486,30.3052266,-97.6749459
1478,30.2942939,-97.6707605
627,30.3061369,-97.6639016
296,30.2827105,-97.6997804
568,30.2795723,-97.6914013
896,30.2830113,-97.679436
524,30.2689593,-97.6846525
342,30.2780303,-97.6724415
769,30.271753,-97.6795484
698,30.2682835,-97.6923533
579,30.2532607,-97.6940465
1219,30.2582833,-97.6793314
773,30.3179053,-97.68751
824,30.3178309,-97.6828643
766,30.3097326,-97.6800953
451,30.3152285,-97.6678066
413,30.3144843,-97.6755752
454,30.3207132,-97.6732562
490,30.3198427,-97.6546082
389,30.3072252,-97.6550924
1960,30.2742994,-97.6192562
190,30.2919891,-97.6465946
1107,30.2859358,-97.6420721
430,30.2890279,-97.6351288
416,30.2936767,-97.657363
191,30.2901644,-97.6508131
260,30.2763965,-97.6536056
189,30.2587525,-97.5700348
1290,30.2627215,-97.5917232
1861,30.2423658,-97.6171675
2314,30.2224933,-97.5571211
1008,30.3388855,-97.4539167
1290,30.343797,-97.5332113
325,30.3338759,-97.5319829
1284,30.3176285,-97.5278648
297,30.3099267,-97.470676
992,30.270174,-97.5339014
840,30.3104028,-97.5907723
725,30.2713115,-97.4775219
378,30.2910849,-97.4955826
1051,30.3169719,-97.6396062
1088,30.3203582,-97.6171415
903,30.3026235,-97.6360779
367,30.2974782,-97.6292814
1082,30.2442403,-97.7278838
519,30.247332,-97.731847
1167,30.2416695,-97.7204469
866,30.2222661,-97.7395811
1129,30.2216188,-97.7455143
252,30.2190531,-97.736105
555,30.2302088,-97.7396708
408,30.2133021,-97.6534621
766,30.2423539,-97.6592003
1244,30.2183867,-97.7237709
775,30.2253461,-97.7324983
169,30.2311144,-97.7241938
399,30.2281398,-97.7203472
1037,30.2287064,-97.7233906
1030,30.2273812,-97.719107
501,30.2225924,-97.7123323
796,30.2345938,-97.7330258
879,30.2327526,-97.7305795
1312,30.2390961,-97.7290694
712,30.2302024,-97.7277031
512,30.2338429,-97.7264707
0,30.1998047,-97.6449201
1645,30.221926,-97.6951754
412,30.2340963,-97.6956408
656,30.234071,-97.6902858
608,30.2267801,-97.6955192
1267,30.2249124,-97.7587391
245,30.221263,-97.7528359
739,30.2381013,-97.748289
716,30.2333784,-97.7481133
144,30.2296869,-97.7527029
275,30.2357646,-97.7200114
0,30.2330217,-97.7182491
229,30.2355622,-97.7175168
382,30.2315444,-97.7090379
269,30.2275429,-97.7046691
639,30.2326242,-97.7021236
337,30.2323182,-97.7143954
517,30.244493,-97.7125417
241,30.2419928,-97.6946608
1860,30.237592,-97.7126238
0,30.238862,-97.7065829
935,30.2139103,-97.7609197
496,30.2068841,-97.765919
1479,30.1188725,-97.8161245
2840,30.1463422,-97.811252
1015,30.1362122,-97.8163389
587,30.2113986,-97.7911147
443,30.2047319,-97.7976365
440,30.2032719,-97.7942807
835,30.2092503,-97.7845904
1067,30.2019092,-97.7889638
357,30.2084521,-97.7468474
824,30.1994992,-97.7560889
389,30.1967312,-97.7491454
472,30.1908591,-97.7471935
285,30.1855734,-97.7498856
686,30.191682,-97.7549155
282,30.1972215,-97.7422286
703,30.2007263,-97.7381872
148,30.1900923,-97.7430498
428,30.1954505,-97.7637023
878,30.1903837,-97.7644093
609,30.1863227,-97.7560125
1232,30.1906024,-97.7846019
1471,30.1823631,-97.7794163
1116,30.1802703,-97.7895912
743,30.1793742,-97.8054217
1168,30.1793845,-97.8124756
852,30.1803481,-97.799467
479,30.1905789,-97.8021281
1246,30.1947656,-97.7946389
0,30.1740721,-97.7480789
10,30.1699219,-97.7492264
735,30.1726739,-97.7631368
2899,30.1493366,-97.7108033
228,30.0975315,-97.7138586
725,30.0728551,-97.743328
384,30.1265807,-97.6818965
605,30.0910391,-97.6579099
909,30.1659019,-97.7948187
853,30.1579505,-97.7956163
1107,30.1713027,-97.7920763
1449,30.1572832,-97.8146341
1351,30.1678619,-97.8042256
585,30.1685821,-97.8137161
311,30.1636745,-97.7542523
773,30.1602671,-97.7401108
898,30.152448,-97.742918
1855,30.1448973,-97.748099
1594,30.1814813,-97.7698558
602,30.1839084,-97.7613455
305,30.1812544,-97.7552919
832,30.1769989,-97.7552475
857,30.203142,-97.7694308
924,30.1992212,-97.7731079
738,30.1947833,-97.7722404
496,30.2106314,-97.7759052
1239,30.2025119,-97.7798612
281,30.1967555,-97.7824419
941,30.1465875,-97.7913863
1087,30.1489035,-97.775613
1807,30.1198599,-97.7721386
939,30.1274335,-97.7891871
485,30.1941946,-97.7332525
443,30.2065646,-97.7271093
163,30.2112517,-97.6982295
1631,30.2016485,-97.6954345
1327,30.1829936,-97.7262826
1537,30.1666775,-97.6393221
1205,30.1566349,-97.6637092
1348,30.1373273,-97.6130311
2285,30.1674716,-97.77431
1804,30.1628795,-97.7822419
401,30.2021528,-97.6276635
562,30.185926,-97.6308751
181,30.1689898,-97.5836118
996,30.17158,-97.6156723
530,30.2033187,-97.5614109
415,30.4121817,-97.7610542
506,30.4210139,-97.7533129
918,30.4137029,-97.7558491
594,30.4127915,-97.7501389
410,30.4181218,-97.7541564
568,30.3713689,-97.7789431
210,30.3651822,-97.7659989
311,30.3638016,-97.7766819
792,30.3739993,-97.7660306
385,30.3819418,-97.7565299
694,30.3808946,-97.7615409
654,30.384552,-97.7480286
502,30.3740838,-97.7469222
497,30.3780879,-97.7426101
505,30.3706041,-97.7517894
1143,30.3657143,-97.7457102
784,30.2277107,-97.7961015
704,30.2205495,-97.8007793
545,30.2171861,-97.7934236
1181,30.2089285,-97.8105372
276,30.2086419,-97.8007751
803,30.2146481,-97.8058099
1661,30.3966919,-97.8043068
1008,30.3784637,-97.7894043
831,30.3696708,-97.7939719
429,30.3512928,-97.7557519
690,30.3544513,-97.762789
835,30.3466117,-97.7525795
512,30.3447796,-97.7589532
842,30.3475684,-97.7679433
772,30.3535137,-97.7779628
421,30.3459974,-97.7755599
667,30.3477574,-97.7867527
372,30.4079563,-97.7594158
1008,30.3924653,-97.7486693
305,30.4047325,-97.7537102
849,30.3994818,-97.7554046
511,30.1944885,-97.8162429
1054,30.1898798,-97.819908
327,30.2022141,-97.8159746
534,30.1994998,-97.81149
882,30.1947727,-97.8267855
750,30.2054581,-97.824768
362,30.2069478,-97.8333743
1166,30.1981269,-97.8353925
1187,30.2017356,-97.9403204
648,30.226494,-97.9019313
445,30.2253995,-97.8617896
531,30.2208548,-97.8472216
350,30.2208956,-97.8709661
730,30.2156693,-97.8672937
680,30.2141459,-97.859301
926,30.1951463,-97.8545191
946,30.1851088,-97.8596173
919,30.4234245,-97.9415425
575,30.4043358,-97.9121703
859,30.3893149,-97.9458819
825,30.3443093,-97.9542916
789,30.3781737,-97.9274369
712,30.3844383,-97.9306774
899,30.3628168,-97.9310395
439,30.4268865,-97.7386752
631,30.4176999,-97.7356464
617,30.1831802,-97.8330729
552,30.1857705,-97.8344716
845,30.187371,-97.8417464
238,30.1805383,-97.8268555
718,30.1845976,-97.8227741
625,30.176895,-97.8315453
379,30.1767918,-97.825232
842,30.1719206,-97.8465659
758,30.165058,-97.8255046
666,30.1700246,-97.8332755
789,30.2254932,-97.836736
570,30.2342266,-97.8327806
186,30.2301875,-97.8327365
524,30.2303375,-97.8542541
554,30.2295292,-97.8470042
436,30.2317993,-97.842002
1306,30.2248867,-97.8277702
765,30.2247727,-97.8151063
1140,30.2143161,-97.8173585
276,30.3596299,-97.7603667
557,30.3649684,-97.7560623
898,30.3564049,-97.749892
1180,30.3600663,-97.7486336
889,30.354416,-97.7518682
1115,30.3907522,-97.7387405
812,30.4089097,-97.7403605
733,30.4029496,-97.7353132
665,30.413982,-97.7395123
791,30.4189267,-97.7742897
1035,30.4065207,-97.7812512
345,30.4083255,-97.7733225
1000,30.4249217,-97.7730178
905,30.4276417,-97.7657973
1193,30.3978551,-97.7639672
1765,30.3514926,-97.8197064
689,30.357,-97.8523643
943,30.3786719,-97.8366774
1663,30.2358706,-97.8873685
1088,30.2405798,-97.8993997
682,30.2479675,-97.9109273
891,30.3799224,-97.9764523
659,30.359797,-97.9916606
458,30.3694795,-97.9929437
1255,30.1329924,-97.8409995
913,30.1517243,-97.8304739
488,30.1632825,-97.8688188
202,30.167421,-97.8639035
519,30.1844329,-97.9236887
1227,30.1587237,-97.878535
753,30.1800003,-97.9137764
657,30.2125986,-97.8384241
597,30.2101653,-97.8449107
1097,30.2063888,-97.8474343
773,30.1987068,-97.8438377
871,30.2058918,-97.8536799
588,30.3779276,-97.9674046
197,30.350073,-97.970482
929,30.3646827,-97.9622055
466,30.4396997,-97.8023508
608,30.4398295,-97.7906726
492,30.433074,-97.7836756
564,30.4293911,-97.7918643
573,30.427039,-97.8001999
1233,30.3316055,-97.8672604
819,30.3416231,-97.8693712
1044,30.3285305,-97.9002384
459,30.3127986,-97.9255472
1315,30.3296352,-97.9446958
1645,30.4448574,-97.732286
666,30.444446,-97.7483081
885,30.4407482,-97.7442423
764,30.4299706,-97.745048
480,30.4378031,-97.7478964
940,30.4322725,-97.752259
719,30.4357618,-97.7405656
897,30.4334918,-97.8096371
599,30.4433149,-97.8221276
327,30.4308781,-97.8387944
1145,30.4423856,-97.8305597
786,30.4326163,-97.8215891
734,30.4228764,-97.8312572
1515,30.4067403,-97.846335
77,30.4088624,-97.8321068
510,30.2306459,-97.8711823
1173,30.2227777,-97.8814398
676,30.2144209,-97.8881991
485,30.2051118,-97.8668929
574,30.2014715,-97.8760185
863,30.208338,-97.8815864
1130,30.3806574,-97.8900018
433,30.385266,-97.902387
1172,30.3680274,-97.9045987
635,30.3787595,-97.8648254
1410,30.3858404,-97.87715
1144,30.3619897,-97.8855373
1522,30.3435698,-97.9118001
1014,30.4047583,-98.0450453
519,30.3937791,-98.0291147
259,30.4407845,-98.0410438
185,30.3799323,-98.0610857
781,30.4355526,-98.0959102
1090,30.3410845,-98.0088849
239,30.3518902,-98.0442017
741,30.359849,-98.0159949
640,30.4857727,-97.8582899
616,30.4749754,-97.8517555
640,30.4323731,-97.9057812
472,30.4624119,-97.8909559
572,30.4576894,-97.8565544
277,30.4647918,-97.842094
651,30.460862,-97.8495384
1490,30.4350894,-97.8519371
421,30.3987547,-97.8798341
165,30.556172,-97.9308508
893,30.6074583,-97.9937039
105,30.5602107,-97.9004819
202,30.5427758,-97.9046853
467,30.5463922,-97.8940714
1957,30.5286086,-97.8795544
1211,30.5290223,-97.9117943
588,30.5486587,-97.9935289
639,30.4902724,-97.9575857
522,30.489161,-98.0562705
2369,30.3147491,-98.0442382
855,30.3680403,-98.1172101
1083,30.25118,-97.9522952
911,30.286429,-97.971057
1408,30.2600512,-98.0247152
740,30.1884811,-97.8958799
481,30.1916249,-97.914771
759,30.1924564,-97.9016538
481,30.2007407,-97.9014425
654,30.1876407,-97.8877829
775,30.1851523,-97.8767129
464,30.3397003,-97.985351
798,30.3444135,-97.9919691
642,30.3449128,-97.9776946
1260,30.3256499,-97.9849893
1425,30.3164043,-97.9624568
294,30.1660102,-97.8552489
626,30.1562388,-97.8574138
1033,30.1519006,-97.845113
1038,30.1576563,-97.8393753
353,30.1608906,-97.8484161
693,30.4654687,-97.9901454
622,30.444791,-97.9896934
251,30.4371716,-98.0049554
1226,30.4248071,-98.0056038
752,30.434577,-98.022071
683,30.4976157,-97.9023185
775,30.384099,-97.9981721
381,30.4719551,-97.9314518
943,30.4306046,-97.95975
1171,30.3381903,-97.7057278
709,30.3422016,-97.7117664
582,30.343709,-97.7010959
503,30.3475531,-97.707704
974,30.3559507,-97.7126267
577,30.3564425,-97.7045101
384,30.3596238,-97.7099045
513,30.3257814,-97.688573
1000,30.3266444,-97.680705
1201,30.3463938,-97.68552
606,30.3513395,-97.6788215
481,30.3412558,-97.6916723
369,30.3533277,-97.6888401
721,30.3677025,-97.7294557
656,30.361396,-97.736768
754,30.3709797,-97.7346218
890,30.3664207,-97.7234381
915,30.3554686,-97.7182668
699,30.357715,-97.7260069
351,30.3661798,-97.7011105
276,30.3640659,-97.7057046
741,30.3615461,-97.7013235
274,30.3654608,-97.7096301
359,30.3727881,-97.7199207
843,30.3677726,-97.7144025
775,30.375428,-97.7141391
749,30.3737784,-97.7171922
667,30.373863,-97.7077147
738,30.3784877,-97.7024942
700,30.3842914,-97.7110517
814,30.3695822,-97.6977911
520,30.3760876,-97.6964877
267,30.3780333,-97.6925235
900,30.369921,-97.7015678
618,30.3755002,-97.6839264
820,30.3644157,-97.6894706
253,30.3703661,-97.6876942
881,30.367527,-97.6891374
240,30.3812655,-97.6802163
532,30.3875316,-97.6785511
964,30.4000489,-97.6816424
631,30.4085614,-97.6869949
591,30.4220465,-97.7203403
535,30.4271204,-97.7270003
644,30.4167388,-97.7262953
728,30.4140479,-97.7128669
815,30.4196744,-97.7127716
735,30.3765768,-97.6682203
461,30.3832595,-97.6693418
388,30.3570029,-97.68056
1180,30.3696159,-97.6737757
1222,30.3619813,-97.678455
573,30.3547647,-97.675545
525,30.3876304,-97.7031289
548,30.389777,-97.6955838
644,30.3993989,-97.699842
983,30.3944477,-97.7038707
147,30.3938058,-97.6995756
1463,30.3957942,-97.6903757
311,30.3852552,-97.690599
598,30.4376085,-97.711903
639,30.4312879,-97.7190377
344,30.4219858,-97.6985626
618,30.4159575,-97.6896781
694,30.41657,-97.6762212
653,30.4174026,-97.681335
495,30.4108566,-97.7044132
581,30.4142999,-97.6999789
1305,30.4122241,-97.695276
1121,30.4467166,-97.6789744
536,30.4383017,-97.6800045
2151,30.3712927,-97.6023406
1359,30.3455321,-97.627693
854,30.3820463,-97.5502382
1314,30.3566395,-97.5689832
734,30.4519226,-97.5098128
1475,30.4205165,-97.5515785
1706,30.4401184,-97.54538
777,30.4542903,-97.6390735
844,30.4520633,-97.6500406
813,30.4603664,-97.64134
831,30.4662437,-97.63967
1065,30.4479395,-97.623758
360,30.4509135,-97.6341711
1229,30.4590944,-97.6267564
746,30.4320193,-97.680986
1118,30.4325391,-97.673095
1073,30.450066,-97.7030334
319,30.4376615,-97.6866877
626,30.4393593,-97.6910329
432,30.3581886,-97.694045
634,30.3526208,-97.6935937
99,30.3552366,-97.6974369
530,30.349891,-97.6957848
662,30.3473691,-97.699134
244,30.3519268,-97.7021453
593,30.3339028,-97.6977217
877,30.3308302,-97.6910784
1010,30.3284539,-97.699033
1326,30.3247377,-97.7012658
1274,30.3806358,-97.6485117
696,30.373161,-97.6517612
2160,30.3584142,-97.6613003
702,30.3417916,-97.6513923
678,30.3366945,-97.6648121
504,30.3333438,-97.6761858
1183,30.392312,-97.6673246
842,30.3835303,-97.6554838
774,30.3841206,-97.6617497
731,30.404245,-97.6500993
2441,30.3972428,-97.6474639
997,30.4123175,-97.6630974
228,30.3912267,-97.6559894
1190,30.4000197,-97.6645181
362,30.4439939,-97.6601373
1135,30.4396877,-97.6500055
3664,30.4301484,-97.663273
1038,30.4111153,-97.6430378
642,30.4184988,-97.6541239
1004,30.4253426,-97.6505522
924,30.4302032,-97.632624
338,30.4340284,-97.6428301
258,30.433296,-97.6277408
278,30.439274,-97.6403719
275,30.4366947,-97.6342506
986,30.4288638,-97.618586
186,30.443039,-97.6351425
459,30.4370557,-97.6228607
679,30.4251934,-97.6389603
975,30.4191418,-97.6355939
708,30.4143113,-97.6281881
1877,30.4148189,-97.5981651
1847,30.3996024,-97.6150925
2721,30.3843831,-97.628325
1271,30.3712916,-97.6410467
1121,30.4311133,-97.6920732
352,30.4357046,-97.6929071
1110,30.4254636,-97.6933457
847,30.4235712,-97.6847641
1328,30.4050765,-97.7069675
1604,30.3974697,-97.7129951
850,30.4085967,-97.7242507
1655,30.4035607,-97.721309
2844,30.3859032,-97.7260439
556,30.4536578,-97.6920883
1508,30.452333,-97.6864195
936,30.459202,-97.6842684
1344,30.4704077,-97.6794802
391,30.4464063,-97.6711976
895,30.4413872,-97.6729203
245,30.4578674,-97.6721802
1656,30.4078569,-97.4406984
3605,30.3779139,-97.5003421
1522,30.3574773,-97.5254796
516,30.4976035,-97.5923565
246,30.4872071,-97.6163717
762,30.4861454,-97.59702
2092,30.4715763,-97.6078609
326,30.4809466,-97.6211712
1235,30.4777105,-97.6349758
491,30.4657197,-97.6225017
872,30.4734146,-97.6271679
617,30.4486568,-97.6122968
379,30.4741622,-97.6476973
1156,30.4735171,-97.6597701
893,30.4625119,-97.6582189
632,30.4502166,-97.660526
1528,30.488945,-97.5637877
1435,30.4908724,-97.5777846
463,30.470898,-97.5769043
655,30.4764641,-97.5842693
2131,30.4779754,-97.5597224
2418,30.4665938,-97.5613484
994,30.4547865,-97.5673635
811,30.4477558,-97.5763746
1139,30.4607081,-97.5892047
489,30.4373117,-97.5915846
0,30.1946633,-97.666661
